history1,history2,question,rewrite
迪士尼哈哈,不知道,香港的,香港的迪士尼
卡特和妖姬哪个厉害,卡特吧,我也觉得,我也觉得卡特厉害
吃菜园小饼,不是一饼,么么哒真好吃,么么哒菜园小饼真好吃
行 听说石路步行街是苏州有名的景点 请问具体地址在哪儿,苏州市金阊区石路步行街,石路步行街门票多少钱,石路步行街门票多少钱
麻烦你告诉黄炤焯,麻烦你告诉我下好嘛,我很想他,我很想黄炤焯
梦幻花园你玩过吗,梦幻花园,好玩吧,梦幻花园好玩吧
你好 我下周要去深圳出差 帮我查一下下周五杭州到深圳的航班,您可以乘坐海南航空HU7394 萧山国际机场T3 宝安国际机场T3,我晚上还有个会议参加 海南航空HU7394几点能够到达深圳啊,我晚上还有个会议参加 海南航空HU7394几点能够到达深圳啊
你好 我想找一些好看的影视剧 你帮我找一部2010年代的美国电影吧 爱情片的,好的 为您找到怦然心动,怦然心动是什么时间上映的 主演名单里都有谁,怦然心动是什么时间上映的 主演名单里都有谁
哦哦 好吧 那苏州太湖国家湿地公园附近有啥好吃的餐馆吗 家里人比较喜欢韩国料理,还真有的 但是就只有一家韩国料理,这家韩国料理叫啥 评分咋样,这家韩国料理叫啥 评分咋样
除此之外呢,哈尔滨众多沿江公园之一也是哈尔滨人傍晚休闲的最佳地点之一,还有其他地方嘛,哈尔滨还有其他地方嘛
我想吃麻辣烫,挺不错的呀赶紧行动起来,你陪我一起吃嘛,你陪我一起吃麻辣烫嘛
噬罪者多少集啊,13集电视连续剧 片长50分钟,噬罪者豆瓣评分怎么样,噬罪者豆瓣评分怎么样
山塘街的评分怎样,山塘街的评分为4 5分,山塘街的地址在什么地方,山塘街的地址在什么地方
下周三北京天气怎么样,是晴转多云的天气,下周三北京适合穿什么衣服的温度呢,下周三北京适合穿什么衣服的温度呢
你觉得薛之谦渣吗,认真的薛之谦认真的做音乐,他有很多黑料诶,薛之谦有很多黑料诶
你好 我下周五上午要从厦门出差到北京 我想坐二等座的高铁 请问有哪个车次,您可以乘坐G322 厦门北 北京南,G322厦门到北京的二等座的票价多少,G322厦门到北京的二等座的票价多少
有没有好吃的地方啊 给我找一个面包甜点店啊 价位在偏贵的就行,为你推荐芳芳法餐厅 凡是去过的人都说好呢,芳芳法餐厅人均消费是多少 在什么位置上,芳芳法餐厅人均消费是多少 在什么位置上
帮我查查下周二杭州出发去广州的高铁二等座就可以,这边推荐你 G99 杭州东 广州南,那G99的到达广州的时间是什么时候呢 还有二等座票价多少钱,那G99的到达广州的时间是什么时候呢 还有二等座票价多少钱
错哈哈我是处女座,哇哦原来你和范小微是一个星座的,你怎么看这个星座,你怎么看处女座
我家孩子现在在上小学六年级 马上小升初了 想给他找一个辅导班提升一下成绩 你有什么推荐吗,那您准备为您家孩子报哪个科目的辅导班呢,我打算给孩子报名小升初的英语辅导班,我打算给孩子报名小升初的英语辅导班
修理厂导航下,在斯柯达4s店,发导航定位给我,发斯柯达4s店的导航定位给我
云南省红河州屏边县,云南是吗,是云南省的,红河州屏边县是云南省的
你好像很喜欢看童话镇对不,是听童话镇,你有看这个电视剧吗,你有看童话镇吗
毒枭豆瓣评分多少,豆瓣评分9 3分 也很高的,毒枭豆瓣评分这么高呀 再帮我找个香港的动作电影吧,毒枭豆瓣评分这么高呀 再帮我找个香港的动作电影吧
跟你说啊咱们这个年纪该开始养生了,怎么养生,赶早不赶晚没错的,养生赶早不赶晚没错的
你认识海宝吗,认识啊同班的,他不认识你,海宝不认识你
你好 我要来苏州办事 顺便逛逛景点 我想问问有没有消费便宜的学校校园,苏州大学很符合您的要求,苏州大学有什么特点吗,苏州大学有什么特点吗
赵丽颖啊,有时候从一个人的偶像就能看出这个人的品行,她品行很好呀,赵丽颖品行很好呀
你吃早餐了吗,没钱吃早餐,我请你吃,我请你吃早餐
这儿能地铁直达吗 我想找个能地铁直达的地 因为我没开车,可以的 这个地方交通很方便的,诚品书店有什么特点吗,诚品书店有什么特点吗
你上次用的挂画真好看这附近有卖的吗,有卖的哦亲,可以告诉我在哪里吗,可以告诉我在哪里有卖挂画的吗
杨超越很可爱啊,杨超越挺懂得扬长避短的幽默感也不错,我喜欢她,我喜欢杨超越
我想要大床房,好哒 帮您推荐苏州新城花园丽呈华廷酒店这一家,苏州新城花园丽呈华廷酒店的评分咋样,苏州新城花园丽呈华廷酒店的评分咋样
不知道周庄多瓦台临河客栈的评分能不能让我满意呢,应该不会让你失望 评分是4 8分,评分4 8我很满意 周庄多瓦台临河客栈的停车场对外开放吗,评分4 8我很满意 周庄多瓦台临河客栈的停车场对外开放吗
罗猪,罗猪是哪个,我同学,罗猪是我同学
我还想品尝一下美食 不知道有没有便宜点的面包甜点餐厅 帮我推荐一下,我建议您可以去乐乐茶 品尝一下美食,乐乐茶的评分是多少 人均消费又是多少呢,乐乐茶的评分是多少 人均消费又是多少呢
下周二厦门去广州南方航空CZ5111几点出发呢,当天08 40出发,另外 我还想问一下有没有下周日厦门去广州的航班,另外 我还想问一下有没有下周日厦门去广州的航班
uzi怎么了,游戏打不过去,他输了,uzi输了
我下周要去一次厦门 有没有下周六下午从广州到厦门的动车 帮我推荐一个吧,好的 为您查询了一下 建议您乘坐D2381 广州东 厦门,可以 D2381的一等座票价是多少,可以 D2381的一等座票价是多少
你知道遮天吗,世界观铺的有点大涉及到整个宇宙什么的但是真的好看,作者是谁,遮天的作者是谁
啊 73元挺合理的 不知道付小姐在成都有直达的地铁吗,不好意思 这里不通地铁哟,啊 不通地铁个不是最重要的 我就是随便问一下,啊 不通地铁个不是最重要的 我就是随便问一下
好的 再帮我在苏州找一个适合商务出行 偏贵一些的酒店吧 带标准间的,为您推荐苏州黎里水岸寒舍精品酒店,苏州黎里水岸寒舍精品酒店标准间的房费多少 有停车场吗,苏州黎里水岸寒舍精品酒店标准间的房费多少 有停车场吗
吃过煎饼鲱鱼罐头,特别的味道,什么味道,煎饼鲱鱼罐头是什么味道
公孙瓒认识不,你觉得我会怎么说,你知道他吗,你知道公孙瓒吗
嗯嗯 你说的也对 我听说重庆德庄火锅直营店特别好吃 是吗,嗯嗯 这家火锅特别正宗,那帮我查查重庆德庄火锅直营店的评分是多少啊,那帮我查查重庆德庄火锅直营店的评分是多少啊
张云雷,张云雷是谁阿,我的偶像,张云雷是我的偶像
我听说熬八年火锅这家餐厅口碑不错 我想知道熬八年火锅有什么推荐菜,他们家的推荐菜是手工虾滑,熬八年火锅有没有地铁可以直达,熬八年火锅有没有地铁可以直达
你好 我要去公司出差 顺便逛一逛 我想去苏州园林 消费最好是中等的 帮我找一个景点,拙政园这个就可以,拙政园的门票价格是多少,拙政园的门票价格是多少
G90几点到北京西站,到的比较晚 当天晚上22 52,嗯 G90到站晚了点 那下周三北京的天儿好么,嗯 G90到站晚了点 那下周三北京的天儿好么
那上弦月怎么识别,你会识别么,我是不太会,我是不太会识别上弦月
全职高手,叶修各种主角光环却不让人觉得讨厌,因为他荣耀玩的是真心好,因为叶修荣耀玩的是真心好
你好 我准备买一辆探影 如果有多个配置我选择低配 你能推荐我一款吗,这边为您推荐探影自动悦吧,探影自动悦吧这款车的价格是多少呢,探影自动悦吧这款车的价格是多少呢
汉城韩国料理电话号码是多少,电话号码是139 1359 2929,我觉得汉城韩国料理还不错 谢谢,我觉得汉城韩国料理还不错 谢谢
有男票吗,会有的,我会有吗,我会有男票吗
我是大哥大这部剧最近超火,在哪里看的,陪你看吧,陪你看我是大哥大吧
RedmiBook14增强版是什么类型的显卡,采用的是独立显卡,RedmiBook14增强版是什么色系的,RedmiBook14增强版是什么色系的
有什么电影啊,推荐生活万岁看哭了哭的稀里哗啦,好谢谢我去看看,好谢谢我去看看生活万岁
您好 我想找一部2000年代的喜剧片 比较倾向于中国香港的电影,好的 推荐您看功夫,功夫的具体上映时间是什么时候,功夫的具体上映时间是什么时候
人活起的意义是什么,人活着的意义就是在去追求你心中的理想,没理想,我心中没理想
你认识张影吗,不认识漂亮吗,不漂亮特别丑,张影不漂亮特别丑
听说过一点永山耕三的事迹 还是比较有名的 悠长假期的豆瓣评分是几分呀,豆瓣评分是9 2分 相当高了,是啊 悠长假期的豆瓣评分高的有点出奇呀 看来一定很好看呢,是啊 悠长假期的豆瓣评分高的有点出奇呀 看来一定很好看呢
你知道青大附中什么时候开学吗,一大波小鲜肉正在向我靠近坏笑,好像是九月一号报道,好像青大附中是九月一号报道
陌陌,陌陌卸了,为什么卸,为什么卸陌陌
那你知道EVA的导演是谁不,不就是那个谁咯庵野秀明,他还执导过什么作品,庵野秀明还执导过什么作品
好的到达时间是次日09 56 那下周四厦门的温度是多少呢,最高温度20摄氏度 最低温度12摄氏度 可以适当做下防晒呦,那下周四厦门天气怎么样呢,那下周四厦门天气怎么样呢
喂 你好 打听一下 在高新区哪个景点比较适合家庭亲子出游 请你给我推荐一个,你好 那要数苏州太湖国家湿地公园了 那可是传说中的人间天堂,那么好啊 苏州太湖国家湿地公园的地址在哪啊,那么好啊 苏州太湖国家湿地公园的地址在哪啊
苏州乐园森林水世这个地方门票多钱啦,门票是198元,苏州乐园森林水世是否能地铁直达了 我们没有车,苏州乐园森林水世是否能地铁直达了 我们没有车
你知道霉霉吗,泰勒我女神,你喜欢她哪首歌,你喜欢霉霉哪首歌
诚品书店的评分如何,评分4 7,诚品书店几点开放,诚品书店几点开放
真心不错 那D933的具体是啥时出发呢 我想出发前去买点水果在车上吃,具体的出发时间是当天19 24,嗯呢 那D933啥时到达目的地呢 我看需要在火车站附近预定酒店吗,嗯呢 那D933啥时到达目的地呢 我看需要在火车站附近预定酒店吗
西湖音乐喷泉吧这地方很不错的要去瞅瞅,杭州哪里好玩,河坊街吧这地方很不错的要去瞅瞅,杭州河坊街吧这地方很不错的要去瞅瞅
王珞丹是谁,王珞丹 别毁了帅哥啊1,她关60分及格什么事,王珞丹关60分及格什么事
要是停车在苏州太湖万豪酒店里的话 有额外的停车费吗,这个是没有的 这里停车免费的呢,好 感觉还可以 那好一点的景区呢 吴中区游客最多的水乡古镇是哪啊,好 感觉还可以 那好一点的景区呢 吴中区游客最多的水乡古镇是哪啊
还学舞蹈,我也想学爵士,你学不会,你学不会爵士
您好 我想咨询一下 下个星期四 厦门那边是啥天气,很幸运 下个星期四厦门是个大晴天,这么好啊 正合我意 下个星期四厦门紫外线强度咋样,这么好啊 正合我意 下个星期四厦门紫外线强度咋样
我想我媳妇儿了,媳妇想你我爱你,她今天问我要不要结婚,我媳妇儿今天问我要不要结婚
我和室友关系不好,原因比较简单吧性格不合生活习惯不同你说都读高校了也就是大学了让别人改变和让自己改变都不太容易但毕竟就你一个人不合群尝试改变一下自己吧,我也尝试和她们玩,我也尝试和室友玩
酸菜鱼,是啊,还不错鱼肉我吃的最多,酸菜鱼还不错鱼肉我吃的最多
周庄隐江南徐家民宿评分怎么样,评分是4 9分,评分还挺高的 谢谢你 再见,评分还挺高的 谢谢你 再见
不是在涠洲岛,涠洲岛在北海,那里还有个火山,涠洲岛还有个火山
你好 我的朋友托我帮买台价格在5000 10000元之间的游戏本电脑 请帮忙做个推荐好吗,好的 可供选择的有挺多 对电脑的内存有什么要求吗,电脑内存要求是16GB的,电脑内存要求是16GB的
湖口有什么好玩的地方,有石钟山鞋山台山公园古彭泽县城遗址上甲县遗址等吧,这是我家乡,湖口是我家乡
我喜欢吃果冻还是椰子味的,我喜欢透明的果冻,我非常喜欢,我非常喜欢果冻
欧阳老师,欧阳老师是谁,是我,欧阳老师是我
我喜欢薛之谦,我也喜欢,真心喜欢,真心喜欢薛之谦
西山景区的电话号码是多少呀,电话号码是0512 66310058,西山景区的特点都有什么呀,西山景区的特点都有什么呀
下周四成都的光照强不强 我这个人比较怕晒,那您不用担心了 紫外线强度是最弱,太好了 上海那边的天气情况怎么样 下周四风大不,太好了 上海那边的天气情况怎么样 下周四风大不
嗯嗯 王晶的电影都很好 哪些港剧比较火啊,强烈建议你看看使徒行者,使徒行者是什么类型的电视剧啊,使徒行者是什么类型的电视剧啊
您好 推荐一部近些年中国香港最好看的科幻片,推荐您看百变星君,好的 百变星君的豆瓣评分是多少,好的 百变星君的豆瓣评分是多少
我在小济南,小济南是哪里,西南中心省会城市,小济南是西南中心省会城市
另外 我还想找一家工业园区附近的4星级酒店 我想要标准间,苏州金鸡湖李公堤瑞贝庭公寓酒店是个不错的选择,苏州金鸡湖李公堤瑞贝庭公寓酒店的电话多少,苏州金鸡湖李公堤瑞贝庭公寓酒店的电话多少
可以教我怎么跟暗恋的女孩子聊天吗,先相互熟悉咯给暗恋的女孩子发信息简单的聊天从最基本的开始不知道发什么可以发祝福短信,我不知道她会不会喜欢我所以一直不敢表达真心,我不知道暗恋的女孩子会不会喜欢我所以一直不敢表达真心
想找一部电影周末看 有什么建议吗,喜欢哪个国家的电影,想找一部印度电影的看一看,想找一部印度电影的看一看
我最近准备去苏州旅游 想要咨询一下苏州工业园区那边5星级酒店,苏州金鸡湖新罗酒店就不错呀,苏州金鸡湖新罗酒店有大床房吗 我想要大床房,苏州金鸡湖新罗酒店有大床房吗 我想要大床房
你好 我来苏州办事顺便想出去逛逛 有没有啥价位偏贵的的游乐场推荐一下,推荐您去苏州乐园森林水世界,苏州乐园森林水世界有什么特点吗,苏州乐园森林水世界有什么特点吗
你好 帮我推荐一部2000年代中国大陆的喜剧片呗 顺便帮我看一下上映时间,推荐您看疯狂的石头 在大陆是2006年6月30日上映的 香港那边是2006年8月10日上映的,疯狂的石头的主演们都有谁呢 豆瓣评分高不,疯狂的石头的主演们都有谁呢 豆瓣评分高不
暗影精灵系列电脑的具体型号叫什么 硬盘的容量是多少呢,电脑型号的名称叫惠普TG01 073rcn 硬盘容量为256GBSSD 1TBHDD,惠普TG01 073rcn的CPU是什么型号的,惠普TG01 073rcn的CPU是什么型号的
幸运七人组的导演是谁,它的导演是佐藤信介,那幸运七人组的主演都有些谁,那幸运七人组的主演都有些谁
你好 我空余时间喜欢看电视剧 尤其是日本的 你帮我推荐一部高分的爱情片吧,这边为您推荐东京爱情故事 评分较高,东京爱情故事主演名单里都有谁,东京爱情故事主演名单里都有谁
嗯嗯 我想看剧情片 有合适的吗,那你就看爱的迫降,好的 那爱的迫降 总共有多少集,好的 那爱的迫降 总共有多少集
很羡慕有别墅的人,住别墅,住不起,住不起别墅
和朋友吵架了,其实大部分都是小事可别闹大了,可是他不守信用,可是朋友不守信用
好 再帮我推荐一个工业园区比较受欢迎的院校吧 想去逛一下,推荐您去西交利物浦大学,哦哦 这帮我查查西交利物浦大学评分怎么样 地铁直达吗,哦哦 这帮我查查西交利物浦大学评分怎么样 地铁直达吗
你喜欢吃雪糕吗,小孩喜欢吃,大人不可以喜欢吃吗,大人不可以喜欢吃雪糕吗
帮我查查周庄多瓦台临河客栈的地址是哪里呀,在昆山周庄镇东浜村75号,那帮我查查周庄多瓦台临河客栈有没有停车场呢,那帮我查查周庄多瓦台临河客栈有没有停车场呢
深圳还有哪里好玩,只有金沙滩,在哪哦,金沙滩在哪哦
好的呢 那麻烦你帮我看下D941的二等卧呗 再告诉我下价格,票价是700 0元 这个还挺便宜的,D941的二等卧可以 谢谢你啦 拜拜,D941的二等卧可以 谢谢你啦 拜拜
你不说我还真不知道呢 那神雕侠侣的豆瓣评分是几分呢,9 1分 很高的吧,是很高 不知道神雕侠侣的单集片长是几分钟啊,是很高 不知道神雕侠侣的单集片长是几分钟啊
你喜欢张云雷嘛,不喜欢,为什么啊我超级喜欢他,为什么啊我超级喜欢张云雷
你知道 寒夜 吗,哈哈哈知道了,它是谁写的,寒夜是谁写的
您好 我想看一部香港电影 能帮我推荐一部吗,我建议你看看志明与春娇,请问 志明与春娇是一部什么类型的电影啊,请问 志明与春娇是一部什么类型的电影啊
沈阳天气,沈阳今天的天气是晴23度到35度北风小于3级,刚才还说天气阴,刚才还说沈阳天气阴
只有我不在的街道 是科幻片吗 我想看他演的科幻片,是的 这部电视剧是科幻片,太好啦  只有我不在的街道 的豆瓣评分是多少,太好啦  只有我不在的街道 的豆瓣评分是多少
我梦见我喜欢的人了,好哒当时具体发生了什么,他向我表白,我梦见我喜欢的人向我表白
怦然心动 是什么时候上映的呢 主要演员都有谁,具体的上映时间是2010年7月26日在好莱坞首映的 美国上映的时间是2010年的9月10日 主演有玛德琳 卡罗尔 卡兰 麦克奥利菲和瑞贝卡 德 莫妮,怦然心动 豆瓣上的评价如何呢,怦然心动 豆瓣上的评价如何呢
那水乡古镇的门票多贵呢,是免费的 非常适合游玩,门票免费太棒了 感谢你的帮助 再见,门票免费太棒了 感谢你的帮助 再见
无状态是谁,张悬,他的资料是什么,张悬的资料是什么
蔚揽380TSI四驱纵行版有座椅通风功能吗,非常抱歉 没有座椅通风功能,那蔚揽380TSI四驱纵行版有没有倒车影像功能呢,那蔚揽380TSI四驱纵行版有没有倒车影像功能呢
我老公太让我伤心了,这种时候就要转移下注意力,他老是玩手机,我老公老是玩手机
您好 我和朋友在苏州旅游 想找一个便宜一些的地方游玩 您能帮忙推荐一下吗,你们可以去苏州博物馆,帮我查查苏州博物馆在哪里啊,帮我查查苏州博物馆在哪里啊
我特别喜欢佟丽娅,哎我想说我也很爱佟丽娅,她是我的不是你的,佟丽娅是我的不是你的
范小微偷税漏税,范小微看久了有点腻歪,她整容,范小微整容
联想 小新Air系列具体的价格是多少,价格是5799元 不到六千吧,可以的 联想 小新Air系列裸机重量是多少,可以的 联想 小新Air系列裸机重量是多少
那独墅湖教堂门票是怎么收费的呀,这里不收门票费的呢,我还想问最后一个问题 工业园区周围有不错的日料餐馆吗,我还想问最后一个问题 工业园区周围有不错的日料餐馆吗
我坐动车吧 有合适的车次吗,给您推荐D3295 南京南 杭州东,好的 我想买D3295的二等座 请问票价多少,好的 我想买D3295的二等座 请问票价多少
四川航空3U8963在成都的起飞时间又是几点啊,起飞时间是当天12 30,四川航空3U8963经济舱的票价是多少钱啊,四川航空3U8963经济舱的票价是多少钱啊
我还想找一部李瑞主演的大陆电视剧可以吗,当然可以 这里查询到一部片名为快乐星球的剧,快乐星球的豆瓣评分是多少呢,快乐星球的豆瓣评分是多少呢
呃你一般听谁的歌呀,悲伤逆流成河,这首歌好有王菲的感觉,悲伤逆流成河好有王菲的感觉
讲嘛,你知道哆啦A梦的作者到底是几个人吗,看完了,哆啦A梦看完了
你没有想学的乐器吗觉得钢琴啊吉他啊都很好听,钢琴吧,这乐器的声音听起来很舒服哇,钢琴的声音听起来很舒服哇
创造101看吗,砰砰你也喜欢看创造101,对里面的强东玥我很喜欢,对创造101里面的强东玥我很喜欢
我说的是我男朋友跟别的女生出去约会见面吃饭,但这是很危险的很容易演变成令人头痛的三角关系,他背着我做的我一点都不知情,我男朋友背着我做的我一点都不知情
哦 G1667的一等座价格有点高呢 请问下周日上午有从南京到厦门的动车吗,推荐您乘坐D3295 南京南 厦门北,嗯嗯 D3295的二等座多少钱啊,嗯嗯 D3295的二等座多少钱啊
中国国航CA1519的时间准点吗 我可不想等太长时间,您放心 它的准点率为98 32  很高的,如果有突发情况 我可能会改时间 所以下周五北京去上海的航班有吗,如果有突发情况 我可能会改时间 所以下周五北京去上海的航班有吗
你玩吃鸡吗,玩都玩不了还吃鸡,为什么玩不了,为什么玩不了吃鸡
云南有什么好玩的,玉龙雪山,这个地方嘛来聊聊吧,玉龙雪山嘛来聊聊吧
去哪了,回家云南,去玩,去云南玩
知道了 那有没有下周六下午从北京到杭州的高铁呢 我想对比一下价格,有G59 北京南 杭州东 这列车,G59高铁二等座多少钱呀,G59高铁二等座多少钱呀
你认识韩子杰吗,认识啊怎么,我喜欢他,我喜欢韩子杰
疯狂的外星人主演都有谁,主演有黄渤 沈腾 汤姆 派福瑞 徐峥,哇 都是我喜欢的演员呀 疯狂的外星人豆瓣多少分,哇 都是我喜欢的演员呀 疯狂的外星人豆瓣多少分
东方航空MU2667什么时候起飞 我好做准备,飞机当天11 55从厦门高崎国际机场T4起飞,顺便帮我看看有没有下周日的东方航空MU2667,顺便帮我看看有没有下周日的东方航空MU2667
我还喜欢芝士,还不错喜欢芝士,超级好吃,芝士超级好吃
我爱看刀剑神域,听说刀剑神域很好看所以我应该很想看,你没看过,你没看过刀剑神域
我下周想从成都去南京 有动车吗,您想什么时候出发,我想下周二上午从成都去南京哈,我想下周二上午从成都去南京哈
拙政园的门票多钱了 贵不,门票价格是90元,姑苏区附近有啥不错的东北菜餐厅吗,姑苏区附近有啥不错的东北菜餐厅吗
哈喽 我刚来苏州 想着先去姑苏区那边找个景点玩玩 你帮我找个好玩的地儿吧 适合情侣出去的,我觉得情侣去山塘街挺好 晚上去最好 夜景非常美 拍照特漂亮,行 你给我个山塘街的电话,行 你给我个山塘街的电话
斗罗大陆怎么样,是手机游戏,是小说,斗罗大陆是小说
天涯明月刀知道吗,那是什么鬼,是游戏,天涯明月刀是游戏
你好 我明天去常熟出差 有没有价位中等的酒店给我推荐一下 我想要标准间,你好 我推荐您住常熟长江路亚朵酒店 很多出差人士都会选择这里,常熟长江路亚朵酒店的评分是多少,常熟长江路亚朵酒店的评分是多少
射手,哦听说张杰也是射手座的呢,我不喜欢他,我不喜欢张杰
你好啊 我的家人身体不太好 想看看普外科 我希望你能推荐一个擅长普外科的综合医院给我,这方面的检查 苏州大学附属第二医院的口碑就很好的,苏州大学附属第二医院有DSA检查吗,苏州大学附属第二医院有DSA检查吗
嘉兴今天的天气是晴转多云27度到34度东风小于3级,适合穿什么,恤牛仔裤帆布鞋,嘉兴今天适合穿恤牛仔裤帆布鞋
螺蛳粉啦,螺蛳粉,好吃,螺蛳粉好吃
边伯贤认识吗,边伯贤是我心里的天使,你觉得他帅吗,你觉得边伯贤帅吗
老枫庭能地铁直达吗,不好意思 他家不能地铁直达,好吧 那老枫庭的营业时间是多会,好吧 那老枫庭的营业时间是多会
能不能再帮我查查北京的天气呀,没问题 下周六北京天气为晴天,北京的温度是多少呢,北京的温度是多少呢
我想有个哥哥,哥哥一般都不怎么好玩,可是他很会照顾人啊,可是哥哥很会照顾人啊
你好 下周五我要从广州到成都办事 我要坐经济舱 请问当天有哪个航班呢,当天有四川航空3U8556 白云国际机场T2 双流国际机场T1,四川航空3U8556的经济舱多少钱,四川航空3U8556的经济舱多少钱
所谓微商所谓朋友,微商是什么东东求解,都是假的,微商都是假的
你吃过狗粮,好吃么,我不知道我没吃过,我不知道我没吃过狗粮
我们与恶的距离的单集片长是多久,55分钟一集,我们与恶的距离的单机片长还挺长的 豆瓣评分高吗,我们与恶的距离的单机片长还挺长的 豆瓣评分高吗
常熟有意思连锁酒店评分多少,评分4 4,常熟有意思连锁酒店房费多少,常熟有意思连锁酒店房费多少
快过来放鞭炮啦,放鞭炮放炮的笑起来好好笑,哼过来吗,哼过来放鞭炮吗
我教你拍西瓜选瓜,我要吃西瓜 瓜瓜瓜,好好好给你买,好好好给你买西瓜
我想问一下漫心苏州天平山酒店的电话号码是多少,他们家电话是0512 65696088,漫心苏州天平山酒店的评分是多少呢,漫心苏州天平山酒店的评分是多少呢
你知道胡思杰吗,胡思杰毕业了哈哈,她比你大吗,胡思杰比你大吗
喻文州帅吗,漂亮吗,他很帅,喻文州很帅
我没有女朋友,哎眼光不要太高嘛,不高,我眼光不高
武当山有什么好玩的,著名的啊有五龙宫,人多不,武当山五龙宫人多不
你为啥喜欢2009,因为我喜欢我男神,他明年结婚,我男神明年结婚
联想小新潮7000是什么色系的,蓝色系的,联想小新潮7000裸机重量是多少,联想小新潮7000裸机重量是多少
拼多多知道吗,拼多多还真的是拼的多减的多呢,假货多,拼多多假货多
丽江,说到这个我特别想说丽江真的是个神奇的地方古城下雨雪山就下雪,是啊我去过一次呢,是啊我去过一次丽江呢
你知道伊索寓言吗,我记得小时候听的时候是改变隔膜,他的作者是谁,伊索寓言的作者是谁
陈奕迅,超爱陈奕迅,他是爱我的,陈奕迅是爱我的
可以的 是哪个电影,是这部血洗鳄鱼仇,血洗鳄鱼仇时长是多少,血洗鳄鱼仇时长是多少
你好 我考虑买一辆探岳 帮我推荐一个低配的就行,好的 我给您推荐探岳330TSI两驱舒适型,请问探岳330TSI两驱舒适型这款车的价格是多少呢,请问探岳330TSI两驱舒适型这款车的价格是多少呢
重庆的气温,重庆今天最高温度11度最低温度7度温度适宜和好朋友一起出去玩吧,明天天气,重庆明天天气
我的父母在我很小的时候就出去打工了所以我是一个人孤独的长大的我六年级时他们给我买了一部手机我天天都一个人在家好无聊只能玩手机他们也不关心我甚至开始忽略我了心里很难受这次我考试了还不错但是他们如果他们真正关心我的话就不会不高兴不知道他们到底爱不爱我,那就让你的父母爱着吧,可是他们一点也不在乎我,可是我的父母一点也不在乎我
那还行 风不大 再帮我查查下周二南京的天气吧 我好比较一下哪天的天气好一点,下周二南京是晴转多云呢 可能会下雨呢 记得带伞呦,下周二南京的温度高么,下周二南京的温度高么
那疯人院导演是谁啊,这是一个叫老算的人导的剧,哦哦 那科幻类型的电影呢 美国的 很受欢迎的那种有吗,哦哦 那科幻类型的电影呢 美国的 很受欢迎的那种有吗
也还好 我可以接受 再帮我看看3U8556的起飞时间吧,当天10 30起飞 时间点不错,是不错 那3U8556到达时间呢,是不错 那3U8556到达时间呢
龙族你看过吗我们要玩一个关于龙族的游戏,龙族都有三了,嗯它都有龙五了,嗯龙族都有龙五了
你会啥游戏,嘻嘻剑侠情缘三啊,啥段位啊Smirk,你玩剑侠情缘三啥段位啊Smirk
你好 我要去出差 顺便逛一逛 我想先去一个水乡古镇 消费水平最好是中等的 帮我推荐一个消费中等的水乡古镇,帮您推荐山塘街 这个很著名,山塘街是不是地铁直达的,山塘街是不是地铁直达的
好的 再看看下周二下午从杭州到厦门的动车呗 我打算坐个二等座 哈,您可以坐当天的D3141 杭州东 厦门北,D3141票价多少呀,D3141票价多少呀
我说电影里的那个叫克林特的,那个刘德华有读心术什么电影,复联里的那个,复联里的那个叫克林特的
合肥 有什么好玩的,查了一下逍遥津天鹅湖包公园三河古镇滨湖湿地公园紫蓬山李府,这些我都去过了,逍遥津天鹅湖包公园三河古镇滨湖湿地公园紫蓬山李府我都去过了
你好 我明天要去工业园区那边出差 想找一家中等价位的酒店大床房休息 求推荐,推荐给您苏州金鸡湖李公堤瑞贝庭公寓酒店 服务非常好的一家店,好的 苏州金鸡湖李公堤瑞贝庭公寓酒店的电话多少 我提前订个房,好的 苏州金鸡湖李公堤瑞贝庭公寓酒店的电话多少 我提前订个房
公司让我下周出差 你帮我查查南京到成都的航班呗,您的出发日期是什么时候呢,我的出发时间选下周日吧,我的出发时间选下周日吧
可是我觉得芝士蛋糕也不错,东西不错,是我前女友喜欢的食物,芝士蛋糕是我前女友喜欢的食物
兰州的牛肉面呢,最爱的兰州拉面,给我也来一碗儿吧,给我也来一碗儿兰州拉面吧
你地理很差诶是在安徽省啦,安徽省在哪,貌似是中国东部长江下游淮河中游吧,安徽省貌似是中国东部长江下游淮河中游吧
感觉很辛苦的样子平时时差倒不过来我会吃点褪黑素帮助睡眠不知道对失眠有没有用,褪黑素啥价格,助眠的保健药物有效我试过,褪黑素是助眠的保健药物有效我试过
你怎么看洛天依的啊,v家确实有不少好听的歌曲恩我要多向前辈们学习唱更多好歌期待下吧,什么啊她唱的还没有我的小微好听呢,什么啊洛天依唱的还没有我的小微好听呢
你说我当一个作家好吗,诶你觉得要当作家有多难呀,很难,当作家很难
你认不认识魏无羡,认识呀,他是谁呀,魏无羡是谁呀
沈阳浑南有什么好玩的啊,南山有个音乐喷泉,在哪里,在沈阳浑南哪里
上海啊,上海今天的天气是雷阵雨转多云27度到29度东南风3级唔有点降温,附近有什么好吃的,上海附近有什么好吃的
午餐吃牛排你请客,煎牛排很多吃的都能用到,你请我吃,你请我吃牛排
高尔基,高尔基的原名呢,不就是阿列克塞马克西莫维奇彼什科夫咯,高尔基的原名不就是阿列克塞马克西莫维奇彼什科夫咯
请问探影自动悦的价格是多少呢,这款车的价格是13 99万元,请问探影自动悦有倒车影像功能吗,请问探影自动悦有倒车影像功能吗
微博名,微博名是什么呢,是乐发迁,微博名是乐发迁
下周二南京的风力风向呢,南风3 4级,请帮我找一班下周二上午从南京出发去杭州的动车,请帮我找一班下周二上午从南京出发去杭州的动车
您好 最近朋友来苏州找我玩 能推荐一个价格相对便宜点的校园景点吗,您可以去苏州大学 历史悠久 文化底蕴浓厚,嗯 请问苏州大学有什么特色,嗯 请问苏州大学有什么特色
九,九是什么意思,是九年级,九是九年级
双子座,哎你知道吗听说黄家驹也是双子座的呢,不喜欢他,不喜欢黄家驹
节奏大师是,不是   节奏大师是一款游戏软件的名字,你会吗,你会节奏大师吗
我们这有个变态,自恋还夸自己,他叫邓云鑫,这个变态叫邓云鑫
好的 G105的火车票会不会很贵呢,毕竟是一等座 所以票价有点小贵的 是933 0元,行 反正出差公司给报销 没问题的 哈哈 G105几点能到上海呢,行 反正出差公司给报销 没问题的 哈哈 G105几点能到上海呢
我要小哥哥,啥时候我问问他,现在,现在就要小哥哥
辅导班上课时间最好是周六的上午,好的帮您找到 PM4P05048A 这个辅导班很符合您的预期,PM4P05048A这个辅导班的开始日期是啥时候呢,PM4P05048A这个辅导班的开始日期是啥时候呢
没空调,能穿短袖吗,当然能穿短袖短裤都可以穿,没空调当然能穿短袖短裤都可以穿
你想去什么地方旅游,九寨沟不错美得像仙境,好美啊有时间去走走吧,九寨沟好美啊有时间去走走吧
你好 我下周一下午要从杭州去南京玩几天 想坐一等座的高铁去 请问当天有哪个车呢,当天有G7662 杭州东 南京南,G7662一等座多少钱呀,G7662一等座多少钱呀
你好 我想了解一下插电式混合动力驱动的SUV 我的预算有20 30万,暂时没有这个样子的车 您看汽油驱动的可以吗,可以 汽油驱动的是什么呢,可以 汽油驱动的是什么呢
你说的很对,董洁的事在8卦已经人尽皆知,但是我还是喜欢她觉得她很纯洁,但是我还是喜欢董洁觉得她很纯洁
话说这一届世界杯要开始了呢你看好哪个队呀,巴西,还是很有实力的毕竟今年世界杯都进八强了,巴西还是很有实力的毕竟今年世界杯都进八强了
还可以啊 下周五那天上海的温度怎么样 我看需要带上遮阳伞不 我这遮阳伞可是非常好呢,当天上海的温度是最高温度16摄氏度 最低温度9摄氏度,那就不需要带了 下周五上海的天气怎么样 我去哪都先问天气的,那就不需要带了 下周五上海的天气怎么样 我去哪都先问天气的
G32是几点从杭州开的,下午一点从杭州东站出发,那G32到北京要多长时间,那G32到北京要多长时间
NLP课程咨询 488,NLP的全称是什么,可能大概也许是神经语言程序学吧,NLP的全称可能大概也许是神经语言程序学吧
您好 我家住广州 请问咱们这里下周三天气如何,广州下周三的天气是多云,那下周三广州的温度 风力风向都怎样,那下周三广州的温度 风力风向都怎样
帮我查杭州到上海的动车二等座吧 便宜点,为您查询到 D3324 杭州东 上海虹桥,好的 D3324二等座的票价是多少钱呢,好的 D3324二等座的票价是多少钱呢
下周日中国国航CA4524几点起飞,起飞时间为当天10 10,中国国航CA4524准点吗,中国国航CA4524准点吗
你玩过弹珠吗,玩过啊,玩到好多关啦,弹珠玩到好多关啦
你知道杨文昊吗,我不管杨文昊最乖,你喜欢他吗,你喜欢杨文昊吗
下周一广州晴天没有云怕是光照很强吧,您说对了 紫外线强度是很强,那也没办法 那下周一广州的风呢 大么,那也没办法 那下周一广州的风呢 大么
鬼吹灯不好看,鬼吹灯没有盗墓笔记好看 故事不紧凑,感觉很假,感觉鬼吹灯很假
晚上好 有时间吗 我这几天在苏州度假 明天准备去东方之门玩 可以帮我查一下这个景点的开放时间吗,当然可以了 这个景点全天开放,全天开放这么好啊 那我随时去都行了 东方之门在什么方位呀,全天开放这么好啊 那我随时去都行了 东方之门在什么方位呀
今天六一呢,你怎么过的啊,有糖吃不,六一有糖吃不
嗯 另外我还想找一部中国大陆好看的动作片电影 麻烦再帮我推荐一下,好的 这部大陆的高分动作片 少林寺 推荐给你,少林寺片中的主演都有谁 豆瓣给了几分呢,少林寺片中的主演都有谁 豆瓣给了几分呢
你好 我是苏州人 我朋友要来找我 我想查一下这边的水乡古镇景点 最好是便宜点的,木渎古镇就很符合您,木渎古镇是不是地铁直达的,木渎古镇是不是地铁直达的
那算了吧 我不坐地铁了 玩累了 我想去口碑不错的多多旺港式茶餐厅用餐 你能帮我查到多多旺港式茶餐厅的地址吗,当然可以了 地址是狮山路215号吴宫丽都商业街1楼,好详细呀 多多旺港式茶餐厅也不知道人均消费高不高呀 最好是别超出我的预算才好,好详细呀 多多旺港式茶餐厅也不知道人均消费高不高呀 最好是别超出我的预算才好
零食嘛来聊聊呗,水煮肉片,这个是零食嘛怎么测试的啊,水煮肉片是零食嘛怎么测试的啊
下周日下午南京开往杭州的车有吗,有的 那这辆高铁G2807可以吗,下周日下午南京开往杭州的车 有动车吗,下周日下午南京开往杭州的车 有动车吗
初音未来的有好多人听呢,就是那个岛国妹纸吗,是的她还可以唱中文,是的初音未来还可以唱中文
刚才听到许敏俊介绍你,又幻听了,他是微软的,许敏俊是微软的
给我找部张若昀主演的剧情片电视剧,您可以看看 庆余年,庆余年豆瓣评分怎么样,庆余年豆瓣评分怎么样
c罗怎么样啊,C罗在欧洲杯也算苦尽甘来,你觉得他去尤文图斯好吗,你觉得c罗去尤文图斯好吗
不知道自己想要的是什么,我想要一个幸福的家庭,怎么才会得到,怎么才会得到一个幸福的家庭
你好 明天想请朋友吃饭 他喜欢吃粤菜 有什么粤菜餐厅推荐吗,你好 你对价位有什么要求吗,帮我推荐中等价位的粤菜餐厅就可以,帮我推荐中等价位的粤菜餐厅就可以
袁笑寒,袁笑寒是谁阿,我同学,袁笑寒是我同学
但是我喜欢的人是我的教官 我不应该喜欢他的,暗恋是单方面的付出只要自己觉得值得就好,他知道我喜欢他,我的教官知道我喜欢他
郏县,河南省平顶山市郏县天气,明天天气怎么样,河南省平顶山市郏县明天天气怎么样
魔兽世界呀,我去看过魔兽世界,首映你看了吗,魔兽世界首映你看了吗
你好 我的业余爱好是追剧和看电影 想找找好看的电影电视剧 有没有2010年代热播的美国喜剧片的电视剧呢 推荐一部吧,好的 稍等 为您查到生活大爆炸第十二季,生活大爆炸第十二季的首播时间是什么时候呢,生活大爆炸第十二季的首播时间是什么时候呢
好的 闪灵是什么时候上映的呢,它是1980年5月23日在美国上映的,听说过闪灵 都说不错 是谁导演的呢,听说过闪灵 都说不错 是谁导演的呢
你好 我平时很喜欢追剧 你帮我介绍一部好看的中国台湾的爱情片好吗,嗯 你可以看看 想见你,好的 我还真没看过呢 想见你是哪年播出的呢,好的 我还真没看过呢 想见你是哪年播出的呢
东方航空的航班没坐过 MU283几点能到北京,当天16 50就能到,MU283到的时间倒是不错 那几点从南京起飞,MU283到的时间倒是不错 那几点从南京起飞
我要去韩国了,太贵了去不起,去做练习生,我要去韩国做练习生
来跟我battle,battle是什么,说唱的一种形式啊,battle是说唱的一种形式啊
你好 我想从厦门坐高铁去杭州 有推荐的车次吗,请问打算什么时候出发呢,目前计划下周三上午出发吧 有合适的吗,目前计划下周三上午出发吧 有合适的吗
要G1662一等座 我可以 能说一下G1662的车次信息吗,好的 G1662次列车 始发厦门北站 终到南京南站,了解了 G1662一等座价钱我可以接受吗,了解了 G1662一等座价钱我可以接受吗
你好 我有个朋友要来苏州看我 我想带他在昆山找个便宜点的地方游玩一番 你可以帮我推荐一下这样的景点吗,那就只有千灯古镇可以去了,千灯古镇的评分是几分啊 别便宜的景点评分太低 我就没面子了,千灯古镇的评分是几分啊 别便宜的景点评分太低 我就没面子了
同里月上酒店地址在什么地方,地址在苏州吴江区同里镇东溪街53号,同里月上酒店评分是多少,同里月上酒店评分是多少
范玮琪好看吗,觉得范玮琪漂亮,不觉得,不觉得范玮琪漂亮
实力主唱王俊凯,王俊凯,帅酷你最棒,帅酷王俊凯你最棒
你知不知道  霍华德菲利普洛夫克拉夫特,你是很关心这种问题吗要不找其他专家聊聊,这个是克苏鲁神话的作者, 霍华德菲利普洛夫克拉夫特是克苏鲁神话的作者
为什么是陈,陈欧挺住,为自己 代言,陈欧为自己 代言
我不喜欢,我喜欢华晨宇,我觉得他的烟火里的尘埃还不错,我觉得华晨宇的烟火里的尘埃还不错
那生活大爆炸第十二季的导演是谁呢,这部剧是由马克 森卓斯基导演的,生活大爆炸第十二季什么时间首播的呢,生活大爆炸第十二季什么时间首播的呢
我想要屏幕是15 6英寸 内存是8GB的小米的常规笔记本 希望你推荐一下,好的 推荐您买小米Ruby,小米Ruby的价格是多少,小米Ruby的价格是多少
蔡依林数字专辑在卖哦,期待女神蔡依林出專輯 這次專輯真好聴,你听了吗,你听蔡依林的数字专辑了吗
小米 MI 笔记本Pro的系统是什么,它是Windows10,那小米 MI 笔记本Pro的待机时间是多久,那小米 MI 笔记本Pro的待机时间是多久
四川航空3U8937经济舱就好 是720的那个吗,是的 720元,好 下周日成都去杭州的航班有吗,好 下周日成都去杭州的航班有吗
你知道b站吗,bilibili弹幕网,那里怎么样,b站怎么样
金庸应该是系统研究过大仲马读基督山伯爵总体感觉像是读金庸小说,关于基督山伯爵你有什么看法,一个人复仇的故事,基督山伯爵是一个人复仇的故事
帮我查查沙家浜风景区附近有没有便宜点的餐厅 麻烦推荐一家,这里比较实惠的餐厅还挺多的 给您推荐采芝斋 这家不错,好的 帮我查查采芝斋的具体地址 电话号码,好的 帮我查查采芝斋的具体地址 电话号码
我要G1659的一等座就好 需要多少时间呢,一共需要乘坐5小时45分,G1659何时出发,G1659何时出发
是啊 我也喜欢太极宗师 这个战狼2 是什么时间上映的啊,这部电影的具体上映时间是2017年7月27日,好的 我打算去看看战狼2 非常感谢你的帮助 再见,好的 我打算去看看战狼2 非常感谢你的帮助 再见
知道温州医科大学仁济学院吗,也不打个招呼就消失这么久没良心哼,找一下这个学校的消息呗,找一下温州医科大学仁济学院的消息呗
我想给孩子报一个四年级的数学的精进班 有园区附近的吗,园区方洲邻里中心有一家很合适,可以 帮我查查四年级的数学的精进班什么时候开始上课呢,可以 帮我查查四年级的数学的精进班什么时候开始上课呢
杭州去厦门的车可以推荐一下吗 时间是下周一下午,高铁如何 G1675次列车,可以 我想要坐下周一下午G1675杭州去厦门一等座 车次信息是,可以 我想要坐下周一下午G1675杭州去厦门一等座 车次信息是
收到 请问惠普 HP 星14青春版的CPU型号是什么,该款产品的CPU型号是i5 10210U,嗯嗯 你惠普 HP 星14青春版能待机多长时间啊,嗯嗯 你惠普 HP 星14青春版能待机多长时间啊
吴玉婷团票第几,第一名很开心,她团票第几名,吴玉婷团票第几名
好吧 伴园私房菜电话号码是什么,电话是139 6217 0368,伴园私房菜附近有没有价位偏贵的酒店给我推荐一家,伴园私房菜附近有没有价位偏贵的酒店给我推荐一家
我是码农,就是程序员,你咋知道呢,你咋知道码农呢
我跟我对象是异地恋,有缘份的人总会再相遇的,我想她了,我想我对象了
你再帮我查询一下苏州市立医院 北区 的门诊时间 可以吗,当然可以 门诊时间是8 00 12 00 13 00 17 00,昂 那苏州市立医院 北区 有没有CT呢,昂 那苏州市立医院 北区 有没有CT呢
哈喽 我考虑买一辆夏朗 请帮我推荐一个高配的吧,你好 我给您推荐夏朗380TSI舒享型这款车,请问夏朗380TSI舒享型的价格是多少呢,请问夏朗380TSI舒享型的价格是多少呢
陈玉成是什么样的人,别人可能不清楚不过我知道陈玉成是太平天国主将,他厉害吗,陈玉成厉害吗
我想要大床房,好哒 帮您推荐苏州吴宫泛太平洋酒店 这个很不错,苏州吴宫泛太平洋酒店的评分怎么样,苏州吴宫泛太平洋酒店的评分怎么样
你玩dota2吗,七月底会公测,早就公测了,dota2早就公测了
另外我听说熬八年火锅这家餐厅口碑不错 我想知道这家店人均消费是多少,人均消费是127元,熬八年火锅营业时间呢,熬八年火锅营业时间呢
少年张三丰是动作片吗 我比较喜欢看动作片,是的 这部是动作片,那太好了 少年张三丰的豆瓣评分怎么样,那太好了 少年张三丰的豆瓣评分怎么样
当老师好吗,还行吧,还有别的好处吗,当老师还有别的好处吗
他是延禧攻略里的傅恒,眉眼不赖啊猜不到告诉我吧抓狂,他是我的男票,傅恒是我的男票
你认识马子华吗,是我男神,很帅吗,马子华很帅吗
你最喜欢哪一本书,玫瑰的故事,谁写的,玫瑰的故事谁写的
巴蒂斯图塔你认识吗,狮子王是199495赛季意甲的最佳射手哦感觉很强势啊,有他的照片吗,有巴蒂斯图塔的照片吗
你好 我想买一辆汽油驱动的SUV 预算大概是大于30万 有合适的吗,建议选择这款途昂车系的,途昂车系这款车有座椅加热功能吗,途昂车系这款车有座椅加热功能吗
你好 我下周六要去北京出差 咱们南京这边有哪个航班吗 正常订公务舱就行,您好 这位女士 给您推荐东方航空MU2831 禄口国际机场T2 首都国际机场T2,东方航空我比较喜欢 帮我查查MU2831什么时间起飞,东方航空我比较喜欢 帮我查查MU2831什么时间起飞
甲骨文系列怎么样,这个系列不错,这里面最好的三本书是什么,甲骨文系列里面最好的三本书是什么
苏州新城花园丽呈华廷酒店的地址在什么地方,酒店的地址在苏州高新区狮山路1号,苏州新城花园丽呈华廷酒店的评分如何,苏州新城花园丽呈华廷酒店的评分如何
还没到新年,今天是除夕,不是,今天不是除夕
你好 我们一家来苏州旅游 我们想先在高新区找一个贵一些的景点玩一玩 你帮我查一个吧,好的 这边为您找到苏州乐园森林水世界,地铁能到苏州乐园森林水世界吗 门票是多少钱,地铁能到苏州乐园森林水世界吗 门票是多少钱
哦哦 那还行 那拯救者刃7000的内存容量是多大,该产品内存容量是16GB,16GB内存容量太大了 有没有8GB内存容量的游戏电脑啊,16GB内存容量太大了 有没有8GB内存容量的游戏电脑啊
好的 刚接到电话下周三临时有事 再帮我看看上海到南京的航班,有东方航空MU2882 浦东国际机场T1 禄口国际机场T2,东方航空MU2882的公务舱票价是多少,东方航空MU2882的公务舱票价是多少
你推荐的西贝莜面村评分一定不会低吧,给您推荐的不会差的 评分是4 6,相信你推荐 西贝莜面村有什么推荐菜么,相信你推荐 西贝莜面村有什么推荐菜么
曾宏燕,呃突然想起来我作业还没写,找到他,找到曾宏燕
你好 我最近打算出去旅游 还没想好地点 我想问问杭州到广州的航班有推荐的么 下周五吧 经济舱的,你好 下周五杭州到广州的航班真的有 推荐您乘坐中国国航CA1729 萧山国际机场T1 白云国际机场T1,行 帮我查查下周五CA1729经济舱的是票价多少,行 帮我查查下周五CA1729经济舱的是票价多少
为什么讨厌张艺兴,我喜欢张艺兴 很可爱啊,我也喜欢他,我也喜欢张艺兴
薛之谦,薛之谦的每首歌都很好听,因为他用心,因为薛之谦用心
你喜欢吃什么零食,戚风蛋糕好吃软软的绵绵的早餐必备,在哪儿买,在哪儿买戚风蛋糕
惠普 HP 战99ProG1MT可以 不过我的预算是5000到10000 不知道这个电脑卖多少钱啊,这个电脑的价格是5499 0,嗯嗯 价格很合适 惠普 HP 战99ProG1MT的游戏性能怎么样啊,嗯嗯 价格很合适 惠普 HP 战99ProG1MT的游戏性能怎么样啊
刘看山是谁,一只可爱的小北极狐,我想看看她,我想看看刘看山
我朋友想去成都再帮我查查下周五广州到成都的航班吧,四川航空3U8556 白云国际机场T2 双流国际机场T1,四川航空3U8556经济舱的票价是多少呢 我好做一下比较,四川航空3U8556经济舱的票价是多少呢 我好做一下比较
小微 你看过人渣的本愿不,小说看过吗,看过,看过人渣的本愿
打堡垒之夜不,PvP的射击游戏咩,嗯嗯打过没嘛,嗯嗯打过堡垒之夜没嘛
玩抖音吗,不玩   这是她参加的一个节目的抖音 不是她的,你也下载一个,你也下载一个抖音
我打算下周去杭州出差 你帮我查查北京到杭州的航班呗,您的出发日期是什么时候呢,我打算下周四从北京出发去杭州 你推荐个航班,我打算下周四从北京出发去杭州 你推荐个航班
你好 我来苏州玩 想在昆山那边先找个五星级的酒店大床房先住下 求推荐,推荐您去昆山托尼洛 很不错的一家店,好啊 昆山托尼洛房票多少 贵不,好啊 昆山托尼洛房票多少 贵不
我和朋友是来苏州出差的 打算去拙政园看看 你能告诉我拙政园的门票价格吗,该景区的门票价格是90元,好的 那地铁可以直达苏州拙政园吗,好的 那地铁可以直达苏州拙政园吗
哦 潜行狙击的豆瓣评分是不低了 你知道的主要演员都有谁吗,主要演员有黄宗泽 谢天华 陈法拉 徐子珊,都是TVB的名演员呢 潜行狙击共有多少集呀,都是TVB的名演员呢 潜行狙击共有多少集呀
你好 我来苏州度假 请你帮忙在姑苏区找个一星级酒店,你好 很高兴为你服务 是要标间还是大床房,我准备在姑苏区订一间一星级酒店的大床房,我准备在姑苏区订一间一星级酒店的大床房
你认识高加春吗,认识,那她是谁,那高加春是谁
可以 我要G2277的一等座 从哪里出发 到哪里,是成都东出发的 到达厦门北停车,G2277需要坐多久,G2277需要坐多久
深圳光明,深圳今天的天气是多云转小雨14度到21度东北风3级,什么时候会下雨,深圳今天什么时候会下雨
你好 我想了解苏州太湖国家湿地公园的门票价格是多少,门票价格是60元,苏州太湖国家湿地公园的电话号码是多少,苏州太湖国家湿地公园的电话号码是多少
好吧 那苏州口腔医院门诊时间是什么时候呢,8 00 12 00 13 30 17 30是门诊时间,苏州口腔医院电话是多少,苏州口腔医院电话是多少
陈铮真的好帅,对吧,LINEBREAK太喜欢他了,LINEBREAK太喜欢陈铮了
你好 我们一家从外地来苏州旅游 住在高新区 想找一家附近有日本料理的餐厅去品尝,推荐您去知味日本料理 这家挺好,我想问一下知味日本料理营业时间是多会儿,我想问一下知味日本料理营业时间是多会儿
下周三成都那边的温度咋样,最高温度13摄氏度 最低温度4摄氏度,下周三成都那边的紫外线强度又如何,下周三成都那边的紫外线强度又如何
何思是谁你知道吗,不知道,我的老婆,何思是我的老婆
你看过余华的活着吗,只能说很残忍但也很现实唉,能具体说说吗,能具体说说余华的活着吗
第一次去成都 不了解那边是什么天气 还请你帮我查一下下周五成都的紫外线强不强,下周五成都紫外线强度是中等,那不好 成都下周五是个什么天气呢,那不好 成都下周五是个什么天气呢
我很爱很爱奈布,爱多久,一万年,我爱奈布一万年
你好 我家在南京 我想问一下下周二那边的天气怎么样,下周二的天气为晴转多云,下周二南京的温度呢,下周二南京的温度呢
我看的是周星驰的喜剧之王,周星驰以前真没拍过喜剧,拍过很多,周星驰以前拍过喜剧很多
你觉得许三观卖血记怎么样,写口头做菜那段绝了几乎难以超越了,嗯嗯这是余华于1995年创作的一部长篇小说,嗯嗯许三观卖血记是余华于1995年创作的一部长篇小说
妳认识蒋依依嗎,蒋依依都这么大了,妳认识她嗎,妳认识蒋依依嗎
暮光之城怎么样,这也叫吸血鬼整个一猴子,你看过吗,你看过暮光之城吗
什么,诶你看过那种特别黑暗的小说么,没有你介绍一下,没有你介绍一下那种特别黑暗的小说
水千丞有娘娘腔,为什么喜欢水千丞,因为她写文很棒,因为水千丞写文很棒
哦 看来坐公交车挺方便的呢 还有 你知道苏州大学附属第一医院都什么时间出门诊吗,他家出门诊的时间为7 45 11 30 13 00 16 30,哦 是这样啊 你最好能把苏州大学附属第一医院的电话发给我,哦 是这样啊 你最好能把苏州大学附属第一医院的电话发给我
张杰的歌,张杰哥唱的歌真好听,我是他的小迷弟,我是张杰的小迷弟
你好 我是外地来苏州度假的 请帮我在姑苏区找一个4星级的酒店,你好 我给您推荐苏州金陵南林饭店 您看一下,苏州金陵南林饭店的标准间是多少钱,苏州金陵南林饭店的标准间是多少钱
好 听说网师园这个景点挺好呀 帮我查查地址在哪,地址在苏州市姑苏区带城桥路阔家头巷11号,帮我查查网师园的门票多少钱呢,帮我查查网师园的门票多少钱呢
哇哦原来你和范小微是一个星座的,范小微欠8个多亿我看不起范小微,在我心里章什么都不是早就看出来她是一个骗子 只喜欢赵薇和周迅,在我心里章什么都不是早就看出来范小微是一个骗子 只喜欢赵薇和周迅
姚利民你认识吗,认识  我同学,猥琐吗,姚利民猥琐吗
美锦酒店的评分是多少,评分非常高 是4 8,那快把美锦酒店的详细地址告诉我吧,那快把美锦酒店的详细地址告诉我吧
嗯嗯 这个可以有 不过 来自星星的你的豆瓣评分是多少啊,这部电视剧的豆瓣评分是8 3,评分还不错 哈哈 那来自星星的你是什么时期上映的,评分还不错 哈哈 那来自星星的你是什么时期上映的
怎么判断你智商变高了,我的智商已经不能用多少来形容了,那就是没有喽,那就是没有智商喽
你好 我来苏州旅游 可以给我推荐一个适合情侣约会的地方吗 最好在姑苏区,你好 我推荐您去山塘街 这个地方很多情侣都去打卡,山塘街的评分是多少,山塘街的评分是多少
苏州黎里水岸寒舍精品酒店大床房的房费是多少,大床房房费629 就是五星级酒店的价格,苏州黎里水岸寒舍精品酒店的电话顺便告诉我吧,苏州黎里水岸寒舍精品酒店的电话顺便告诉我吧
胡歌,唉为胡歌惋惜,怎么惋惜,怎么为胡歌惋惜
嗯嗯 能再帮我推荐一部中国香港的电影吗,你可以看看花样年华,花样年华是谁主演的啊,花样年华是谁主演的啊
都这么长时间了呢 不说都不觉得二十来年了 你能把情深深雨濛濛的主演的名单帮我找一下吗,好的 主演有赵薇 林心如 古巨基 苏有朋,对 是赵薇 林心如 古巨基 苏有朋 情深深雨濛濛一共多少集来着,对 是赵薇 林心如 古巨基 苏有朋 情深深雨濛濛一共多少集来着
梦见姚明了,呀你也开始粉啦,他陪我去打篮球,梦见姚明陪我去打篮球
你好 下周三和小伙伴们约好去成都玩玩 请问那天天气怎么样 气温多少度,下周三的成都是多云转阴的天气 最高温度13摄氏度 最低温度4摄氏度,好的 还有小伙伴说想去广州 再看看下周三广州的天气吧 气温,好的 还有小伙伴说想去广州 再看看下周三广州的天气吧 气温
那联想小新潮7000有什么特性吗,这款电脑有PCIE高速固态硬盘 双硬盘位 快充 Type c接口,联想小新潮7000的硬盘容量是多少,联想小新潮7000的硬盘容量是多少
你好 下周一和同学要去上海东方明珠看看 帮我看看那天什么天呀,是个大晴天哟,下周一上海气温多少呀,下周一上海气温多少呀
怎么你喜欢这个零食要不要来聊聊看,鱼皮花生特别脆,脆脆的不错,鱼皮花生脆脆的不错
D1765到达广州的时间是几点 我提前约个车接我,当天23 45到达,好的 D1765全程多长时间能到,好的 D1765全程多长时间能到
你知道维他柠檬茶吗,柠檬你好像很喜欢,超好喝,柠檬茶超好喝
王杰,王杰是谁 ,会唱他的歌吗,会唱王杰的歌吗
不知六朝怪谈的评分怎么样呀,豆瓣评分7 2哦,六朝怪谈主演都有谁呢,六朝怪谈主演都有谁呢
天津啊我平时还挺关注的天津的海河还是挺漂亮的特别适合散步,天津还有什么景点呀,貌似有五大道天津之眼鼓楼盘山古文化街水上公园黄崖关长城,天津貌似有五大道天津之眼鼓楼盘山古文化街水上公园黄崖关长城
你知道井宿嘛,当然知道,他是谁,井宿是谁
张柏芝是谁,张柏芝和谢霆锋曾经是夫妻,现在呢他们是什么关系啊,现在呢张柏芝和谢霆锋是什么关系啊
咨询一下你下一期的双色球,02 04 15 17 23 25  01 试试去吧看看运气真中了要记得伦家啊,再来一注,再来一注双色球
是呀 王喆已经有工作了,哦哦什么工作啊,当明星了,王喆当明星了
你觉得十宗罪怎么样,有点血腥作者的文字还不够好不过故事下面透露出来的人性值得令人深思,里面你最喜欢哪个故事,十宗罪里面你最喜欢哪个故事
你好 我想了解下下周二厦门的天气和温度 我要去见个朋友 看看穿什么衣服 哈,下周二厦门晴天呢 最高温度14摄氏度 最低温度7摄氏度,好 下周二厦门风大吗,好 下周二厦门风大吗
我希望是三星酒店 要大床房,周庄多瓦台临河客栈 性价比超高,周庄多瓦台临河客栈的大床房多少钱,周庄多瓦台临河客栈的大床房多少钱
最近中国经济形势怎样,人类啊我上知天文下知地理就中国经济形势不太懂呢,你怎么看,你怎么看中国经济形势
您好 我计划买一台联想的笔记本电脑,那您对电脑分类有什么要求,我倾向于联想的笔记本电脑的轻薄本,我倾向于联想的笔记本电脑的轻薄本
联想天逸510Pro的系统是什么,它的系统是Windows10,联想天逸510Pro的显卡类别是什么,联想天逸510Pro的显卡类别是什么
抱歉要看房电话联系哈,电话号码多少呀,中介,中介的电话号码是多少呀
今天看了大黄蜂感觉大黄蜂好可爱啊,为啥感觉好可爱了,因为他的表情和肢体动作萌萌的,因为大黄蜂的表情和肢体动作萌萌的
是呀 还是深圳暖和一些 那再帮我看看下周日从成都到深圳的航班吧 我要坐经济舱,你可以坐中国国航CA4325 双流国际机场T2 宝安国际机场T3,好 中国国航CA4325经济舱票价多少,好 中国国航CA4325经济舱票价多少
我刚看过一个大盘点的内容讲的就是火影,鸣人最后怎么了,他沒死吖,鸣人沒死吖
壹加回转寿司的人均消费是多钱,他家人均消费是58元,壹加回转寿司地址在哪了,壹加回转寿司地址在哪了
你知道联想小新Air这款电脑安装的是什么系统呀,系统是Windows10的,我感觉联想小新Air版本还行 那本本都有什么色系的呀,我感觉联想小新Air版本还行 那本本都有什么色系的呀
嗯嗯好的 下周五深圳的天气呢 我正在想这两个地方去哪呢,深圳也是多云,下周五深度的温度也跟我说一下啊,下周五深度的温度也跟我说一下啊
我问问这家苏州慢享主题酒店的评分是多少呢,评分是4 7,苏州慢享主题酒店具体地址在哪里呢,苏州慢享主题酒店具体地址在哪里呢
哦 我听说过朱延平 他是很有才气的 那火烧岛是哪年上映的来着,它是于1991年8月1日在中国台湾上映的,啊 火烧岛里的演员都很有名气的 片长好像也挺长的吧,啊 火烧岛里的演员都很有名气的 片长好像也挺长的吧
太极宗师 的导演是谁,这部电视剧的导演是袁和平,太极宗师 豆瓣评分是多少,太极宗师 豆瓣评分是多少
明朝那些事儿的作者是,当年明月对吧,里面参考了哪些书呢,明朝那些事儿里面参考了哪些书呢
听着挺不错的 白马涧生态园门票价格是多少钱,门票价格是50元,行 麻烦你再给我推荐一家高新区附近的东北菜餐厅 可以吗,行 麻烦你再给我推荐一家高新区附近的东北菜餐厅 可以吗
苏州慢享主题酒店是中等价位吗,对 它家属于中等价位,那苏州慢享主题酒店有标准间吗,那苏州慢享主题酒店有标准间吗
我老公帅吗,帅的一塌糊涂,真的吗,我老公真的帅的一塌糊涂吗
那苏州大学附属第一医院里有DSA吗,有的 医院里有DSA,苏州大学附属第一医院的挂号时间可以告诉我吗,苏州大学附属第一医院的挂号时间可以告诉我吗
教师节送老师什么呢,我要亲手给老师做一张贺卡,我做不好,贺卡我做不好
我比较喜欢爱情片,推荐您看一吻定情,一吻定情的主演都有些谁,一吻定情的主演都有些谁
那布丁酒店房费是多少,这个酒店大床房的房费是99元 标准间的房费是161元,再帮我推荐一下吴中区的水乡古镇吧,再帮我推荐一下吴中区的水乡古镇吧
苏州慢享主题酒店评分怎么样,酒店评分为4 7分,苏州慢享主题酒店地址在什么地方,苏州慢享主题酒店地址在什么地方
戴尔 DELL OptiPlex7070MT的裸机重量是多少呢,8 0kg,戴尔 DELL OptiPlex7070MT是什么系统的,戴尔 DELL OptiPlex7070MT是什么系统的
你好 我来苏州旅游 请你帮我查找一个工业园区适合朋友出游的景点,为您推荐西交利物浦大学,西交利物浦大学的开放时间是什么时候啊,西交利物浦大学的开放时间是什么时候啊
你好 我刚来苏州想玩几天 帮我在工业园区找一家西北菜餐厅呗,您可以去正宗西北菜馆西贝莜面村哟,太好了 西贝莜面村在哪,太好了 西贝莜面村在哪
我们与恶的距离是什么类型啊,这部电视剧是一个剧情片,有没有好看的台湾悬疑片可以推荐啊,有没有好看的台湾悬疑片可以推荐啊
你好 我考虑买一辆高尔夫 如果有多个配置我选择高配 你能给我推荐一款吗,这边为您推荐高尔夫1 8TSI旅行版吧,高尔夫1 8TSI旅行版价格是多少呢,高尔夫1 8TSI旅行版价格是多少呢
帮我查查潜行狙击的主演都有谁啊,潜行狙击的主演有黄宗泽 谢天华 陈法拉和徐子珊,帮我查查潜行狙击的导演是哪位呢,帮我查查潜行狙击的导演是哪位呢
病毒是细胞吗,研究细胞的,那他是生命系统吗,那病毒是生命系统吗
那是哪个电影呀,给你推荐的是诡丝这个电影,诡丝的导演是谁,诡丝的导演是谁
给我巧克力就喜欢你,巧克力给你,给小孩吃的,巧克力给小孩吃的
下周六上海的风力风向如何呢,当天有1级南风,再帮我查一下下周六上午从上海出发去深圳的动车,再帮我查一下下周六上午从上海出发去深圳的动车
您好 我想看看喜剧电影 能帮我推荐一部吗,那你可以看看狗蛋大兵,狗蛋大兵是哪个地区的啊,狗蛋大兵是哪个地区的啊
你好 我来苏州出差 我想抽空找一个价格偏贵的山水景区走走 求推荐,推荐您去金鸡湖景区,好啊 金鸡湖景区的评分是多少呢,好啊 金鸡湖景区的评分是多少呢
你刚刚加了一个叫 野猪佩琪的人吧,好不好啊,她我朋友我推荐她加你的,野猪佩琪我朋友我推荐野猪佩琪加你的
今年世界杯八强是谁,八强已经出来了美洲只剩下巴西和乌拉圭了哎,还有谁,世界杯八强还有谁
有没有2010年代中国大陆当时的热播剧介绍一个,当然有呀 你有喜欢的类型吗,我想找一部科幻片 有合适的科幻片吗 片名是什么,我想找一部科幻片 有合适的科幻片吗 片名是什么
独墅湖教堂有什么特点啊,独墅湖教堂因坐落于苏州工业园区风景秀美的独墅湖旁而得名 教堂主体采用哥特式建筑风格,还要在工业园区附近找一家餐厅 我喜欢吃甜点 找一家偏贵点的餐厅,还要在工业园区附近找一家餐厅 我喜欢吃甜点 找一家偏贵点的餐厅
好的 我会带些厚衣服的 下周三如何时间能来得及的话我想去武汉 再帮我看看武汉的天气吧,给您查询到 武汉下周三的天气是多云转晴 也不错哦 适合游玩,武汉下周三的温度怎么样,武汉下周三的温度怎么样
你好 我想知道下周二苏州的天气情况和温度呢,当天苏州是晴转多云的天气 最高温度9摄氏度 最低温度1摄氏度,下周二苏州风大吗,下周二苏州风大吗
你知道包法利夫人吗,最后作者确实毫不留情的给了包法利夫人一个痛苦的死亡,夫人怎么死的,包法利夫人怎么死的
印度先生 的导演是谁 片长能有多久,是由谢卡尔 卡普尔执导的 片长有179分钟,时间是蛮长的 不知道会不会睡着  印度先生 豆瓣上的评分有多少分,时间是蛮长的 不知道会不会睡着  印度先生 豆瓣上的评分有多少分
我想查询最近的天气情况 能帮我查查下周四北京的风力风向和温度吗,东南风1级 最高温度4摄氏度 最低温度 4摄氏度,那能帮我查查下周四北京的天气怎么样吗,那能帮我查查下周四北京的天气怎么样吗
有啥好看的小说吗,东野圭吾解忧杂货店,看过了,解忧杂货店看过了
你知道穆斯林的葬礼吗,人类啊我上知天文下知地理就这块不太懂呢,它的作者是谁,穆斯林的葬礼的作者是谁
羽生结弦你知道是谁吗,不知道,你能帮我搜索吗,你能帮我搜索羽生结弦吗
无限复活是什么时候上映的,这部影片是2002年1月11日在中国香港上映的,无限复活的豆瓣评分怎么样,无限复活的豆瓣评分怎么样
木渎古镇的特点听起来不错 我坐地铁可以直接到那吗,这个真不行,好吧 你可以帮我找找吴中区的1星级酒店吗,好吧 你可以帮我找找吴中区的1星级酒店吗
仙女,仙女是谁,我,仙女是我
你好 我来苏州办事 顺便想逛逛景点 有没有消费便宜的水乡古镇推荐一下,推荐您去木渎古镇,木渎古镇评分高不,木渎古镇评分高不
一会去义乌,义乌是哪里,在浙江省金华市啊,义乌在浙江省金华市啊
我最近看幽灵,没看过,看过很多遍,幽灵看过很多遍了
杨幂越来越火了,你认识杨幕吗,有没有她照片,有没有杨幂照片
大龙虾,大龙虾是一百元吗,是10000元哦,大龙虾是10000元哦
请问惠普 HP 光影精灵5有哪些特点呢,这款电脑比较突出的特性是它的背光键盘,惠普 HP 光影精灵5的待机时长是多长时间,惠普 HP 光影精灵5的待机时长是多长时间
父母不理解我,去体谅父母理解父母,但是他们只知道诉苦,但是父母只知道诉苦
我喜欢上了一个女孩,喜欢就表白免得以后想起来是个遗憾,她不喜欢我,那个女孩不喜欢我
你认识我的一个好友叫赵俊臣吗,认识的快联系,他长的丑么,赵俊臣长的丑么
好的 再看看下周六杭州的天气吧,是个晴天哟,下周六杭州气温多少呀,下周六杭州气温多少呀
邱诺洁你认识吗,不认识,那你能收集她的资料吗,那你能收集邱诺洁的资料吗
你好 我想在工业园区找个消费中等价位的餐厅 推荐一个好吗,推荐你西贝莜面村,那西贝莜面村地铁直达吗,那西贝莜面村地铁直达吗
你好 我家是厦门的 麻烦给我查一下下周五的天气和温度 行吗,好的 已为您查询 那天天气晴 最高温度21摄氏度 最低温度13摄氏度,那下周五厦门的风力风向如何呢,那下周五厦门的风力风向如何呢
绝命毒师2,我喜欢绝命毒师,里面哪个人物你最喜欢,绝命毒师2里面哪个人物你最喜欢
风有点大 那下周五杭州是个什么天气呢 风大应该不会有雨,您猜错了 天气是阴转小雨,哈哈 当我没说 下周五杭州的气温再帮我看一下吧,哈哈 当我没说 下周五杭州的气温再帮我看一下吧
你好 明天我要去苏州的高新区出差 那边中等价位的酒店帮我推荐一个吧 要大床房,给您推荐美锦酒店,美锦酒店大床房的房费是多钱啊,美锦酒店大床房的房费是多钱啊
你好 我想了解下周三厦门的天气情况,是晴天哟,那下周三厦门温度多少,那下周三厦门温度多少
来我房间,房间在哪里,你隔壁啊,我房间在你隔壁啊
话说刚无聊查了下射手榜第一是凯恩欸6球,哪个凯恩,希望他能保持好这个状态那个你比较看好谁呀,希望凯恩能保持好这个状态那个你比较看好谁呀
胡歌怎么样,仙剑一喜欢胡歌到现在,那他就是你男朋友了,那胡歌就是你男朋友了
护士是如何找男朋友的我说男护士,你是护士,不是哎,我不是护士哎
下周一广州的温度呢,最高温度18摄氏度 最低温度5摄氏度,下周一广州的风力风向又如何,下周一广州的风力风向又如何
我想在姑苏区内找一个治疗心血管内科比较好的医院 不知道哪个医院好 请你给个推荐吧,我推荐您去苏州大学附属第一医院,苏州大学附属第一医院地址在什么地方呢,苏州大学附属第一医院地址在什么地方呢
你帮我查一下下周二上午出发 广州到上海的火车吧,那您选择什么车型呢,下周二上午出发广州到上海一等座就可以了,下周二上午出发广州到上海一等座就可以了
你对鲁迅有有什么看法,你喜欢鲁迅,因为他能将很深刻的问题看的很清楚,因为鲁迅能将很深刻的问题看的很清楚
我跟你说畅离骚的是烊千玺懂吗懂吗易烊千玺易烊千玺易烊千玺易烊千玺易烊千玺易烊千玺,期待易烊千玺的最新单曲声音很独特很有磁性加油,最新单曲是啥,易烊千玺的最新单曲是啥
电脑内存是8GB的就可以,那我推荐你购买联想小新Air,联想小新Air的显卡型号是什么,联想小新Air的显卡型号是什么
您好 能给我推荐一部80年代的喜剧片吗,您喜欢看什么样的 港片 大陆片还是美国片,我比较喜欢80年代的香港电影,我比较喜欢80年代的香港电影
我出去旅游了呢,时间定了吗出去玩多带几套衣服拍照啊,我已经出去了,我已经出去旅游了
你好 我是苏州人但是平日也不怎么出去玩 现在有个朋友来苏州找我玩 我想带他去游乐场 给我推荐一个消费水平偏高的地方吧,给你推荐一下苏州乐园森林水世界吧,苏州乐园森林水世界的特点是什么 门票价格是多少啊,苏州乐园森林水世界的特点是什么 门票价格是多少啊
也有网恋奔现的啊,网恋不好的,为什么不好,为什么网恋不好
你好 带家里人来吴中区玩 这附近有没有餐厅可以吃饭,您想吃什么菜系呢,我想吃一些面包甜点,我想吃一些面包甜点
你好 我下周五打算去杭州旅游 请帮我查一下下周五那天的天气怎么样,下周五那天杭州的天气是阴转小雨,下周五那天杭州的温度如何,下周五那天杭州的温度如何
男朋友总是不回你信息怎么办,自己出去玩不用把生活的重心放在不珍惜你的人身上,他为什么要这样,男朋友为什么要这样
你好 我打算在苏州待几天 明天想去穹窿山景区 你能帮我查一下营业时间吗 我想规划一下明天的路线,好的 我查到的时间是上午八点到下午四点半 建议您上午去,好的 我还不知道穹窿山景区在哪儿呢,好的 我还不知道穹窿山景区在哪儿呢
好的 天平山景区的电话告诉我 找不到打电话,0512 66387422,我还想在天平山景区附近找一家便宜点的酒店休息 住个标准间就行 有什么地方呀,我还想在天平山景区附近找一家便宜点的酒店休息 住个标准间就行 有什么地方呀
好 再帮我推荐一部由玛德琳 卡罗尔演的电影吧,给您推荐怦然心动 很不错的,怦然心动的豆瓣评分怎么样,怦然心动的豆瓣评分怎么样
苏州大学附属第一医院的电话是多少啊,他家的电话是65223637,嗯 都有哪些公交线路可以到苏州大学附属第一医院呢,嗯 都有哪些公交线路可以到苏州大学附属第一医院呢
你好 我孩子上五年级 成绩在班里前列 就是英语有点弱 我想给他报个英语的志高班 地点最好在吴中区 帮我找一个吧,您好 根据您的要求 给您推荐PE5J05065,好的 但是我比较关心PE5J05065辅导班在哪里上课,好的 但是我比较关心PE5J05065辅导班在哪里上课
怎么了,忘记吃药了,赶紧吃,赶紧吃药
在不 您好 最近想换电脑 预算不超过5000元 我想了解一下宏碁 商祺这个系列的 能帮忙推荐一款吗,您好 这个系列的您可以选择宏碁 Acer 商祺SQX4270660N这款电脑,请问宏碁 Acer 商祺SQX4270660N的显卡是什么型号的,请问宏碁 Acer 商祺SQX4270660N的显卡是什么型号的
我梦见明星王嘉尔打自己小孩,哇塞我前两天做梦也梦到了,就他在公园打自己小孩 我看见了就把小孩抱开了,就王嘉尔在公园打自己小孩 我看见了就把小孩抱开了
我想要面包甜点餐厅 最好是便宜一点的,那您就去乐乐茶吧 这个餐馆很不错,乐乐茶营业时间是多会儿呀,乐乐茶营业时间是多会儿呀
好的 苏州太湖国家湿地公园评分了 怎么样,评分是4 5分,评分也还不错 苏州太湖国家湿地公园附近有没有价位中等的餐厅给我推荐一家,评分也还不错 苏州太湖国家湿地公园附近有没有价位中等的餐厅给我推荐一家
室友烦死了,出什么事了吗快告诉我,她老咳嗽 传染了给我,室友老咳嗽 传染了给我
时间挺早的 G355 北京南 厦门北的一等座的车票多少钱,一等座的票价是1347 5元,G355 北京南 厦门北到厦门北站的时间呢,G355 北京南 厦门北到厦门北站的时间呢
你好 来苏州旅游 想在姑苏区找个适合情侣约会的景点 能推荐一个吗,你好 那就去平江路吧 有很多文艺小店,平江路什么时间开放呢,平江路什么时间开放呢
杨洋啊,好喜欢杨洋啊,我不认识他,我不认识杨洋
再帮我查一下下周一那天南京的温度是多少呢,下周一那天南京最高温度9摄氏度 最低温度 2摄氏度,下周一南京的天气情况是怎样的呢,下周一南京的天气情况是怎样的呢
你好 我来苏州度假 帮我找一个高新区的1星级酒店,如家酒店很符合您,如家酒店的大床房的房费是多少,如家酒店的大床房的房费是多少
你觉得易烊千玺怎么样,等你单曲,是他这个人,是易烊千玺这个人
您好 我想买一台8GB内存 i5的CPU 预算5000到10000元的笔记本电脑 推荐一款,推荐您买联想小新Air,联想小新Air的裸机重量是多少,联想小新Air的裸机重量是多少
杨超越知道么,她的粉丝真的好多诶,你觉得唱歌好听么,你觉得杨超越唱歌好听么
你说的是歌曲春泥的歌词,不是歌词越来越水是好的歌词本就难写出来,你会写词吗,你会写春泥的词吗
好的 下周三下午广州去杭州的车有吗,为您推荐一列车 D933次,下周三下午广州去杭州的高铁有吗,下周三下午广州去杭州的高铁有吗
那还有什么呢,今天不是有新电影么 一触即发,导演和主演是谁,一触即发的导演和主演是谁
我跟前男友复合了,好可惜你又被撩走了,怎么跟他相处呢,怎么跟前男友相处呢
我幼儿园的,那你上小学了,没呢,没上小学呢
你认识杨洋吗,呃算认识吧,真的,你真的认识杨洋
会计,哪里的会计工作,在洛阳做,在洛阳做会计工作
苏州慢享主题酒店有停车场吗,酒店有收费停车场,好吧 我再详细咨询一下酒店吧 你有苏州慢享主题酒店电话吗,好吧 我再详细咨询一下酒店吧 你有苏州慢享主题酒店电话吗
那生活大爆炸第十二季的主演都有些谁,主演有吉姆 帕森斯 约翰尼 盖尔克奇 凯莉 库柯,生活大爆炸第十二季的豆瓣评分是多少,生活大爆炸第十二季的豆瓣评分是多少
你觉得王杰希帅吗,王杰希就是荣耀的王不留行哦游戏里见到王杰希可要小心啦,他帅吗,王杰希帅吗
乐乐茶的评分怎样,4 5,乐乐茶的电话多少,乐乐茶的电话多少
我想去海边玩,海边有什么好,有椰子树阳光还有沙滩,海边有椰子树阳光还有沙滩
郭添开呀,郭添开是谁阿,曾经他是我最喜欢的人呀,曾经郭添开是我最喜欢的人呀
辅导班上课最好是每周六的下午 我不上班 可以接孩子,我推荐您新区的PM5J44004A哦,PM5J44004A的老师是谁呢 在哪个校区呢,PM5J44004A的老师是谁呢 在哪个校区呢
我去打麻将了,麻将打得好么,贼溜,我麻将打得贼溜
多喝热水,没热水啊,烧啊,没热水烧啊
你好 这几天在苏州度假 明天想去天平山景区 这个地方有什么特点吗,这里是范仲淹先祖归葬地 可以走乱石路体验爬山乐趣 11月中下旬能赏红枫,那地铁能到天平山景区吗,那地铁能到天平山景区吗
到哪儿去玩去了,北京,好玩吗,北京好玩吗
网球如何进学校,你是篮球俱乐部的吗,不是啊,不是篮球俱乐部啊
你好 我想买辆SUV 比较信赖上汽大众 麻烦您帮我推荐一款 平时6个人坐的 谢谢了,好的 为您推荐途观L380TSI自动四驱R Line旗舰版,途观L380TSI自动四驱R Line旗舰版的价格是多少,途观L380TSI自动四驱R Line旗舰版的价格是多少
你好 我想买辆汽油驱动的SUV 20到30万的 你帮我推荐一款吧,好的 为您推荐途岳330TSI四驱豪华版,途岳330TSI四驱豪华版这款车有座椅加热功能不,途岳330TSI四驱豪华版这款车有座椅加热功能不
这个价格也可以接受 哈哈 你知道唐宫海鲜舫的评分好不好吗,餐厅评分是4 6 整体来说还不错,对 我们可以去尝尝 对了 姑苏区附近有4星级酒店吗,对 我们可以去尝尝 对了 姑苏区附近有4星级酒店吗
你知道雨果吗,电影还是作家,他的作品你怎么看,雨果的作品你怎么看
陈瑶,陈瑶是谁,是岳绮罗,陈瑶是岳绮罗
华谊兄弟电影世界坐地铁可以直达吗,正如您所期望的 地铁可以直达,可以地铁直达也太好了吧 再麻烦你告诉我一下华谊兄弟电影世界的电话号码是多少吧,可以地铁直达也太好了吧 再麻烦你告诉我一下华谊兄弟电影世界的电话号码是多少吧
淘气包马小跳可以吗,一两部也行不用推荐太多,本来就是一本书,淘气包马小跳本来就是一本书
爱人,什么是爱人,就是结为夫妻,爱人就是结为夫妻
桑塔纳1 5L自动舒适版有座椅通风功能吗,不好意思 没有这个功能,桑塔纳1 5L自动舒适版有座椅加热吗,桑塔纳1 5L自动舒适版有座椅加热吗
汤圆呢,黑芝麻滴最好吃,不好吃,黑芝麻的汤圆不好吃
你认识bill吗,比尔盖茨,给我谈谈他吧,给我谈谈比尔盖茨吧
好的 我知道了 你还得帮我查查常熟有意思连锁酒店有没有停车场,这个酒店提供免费的停车场服务,真是太好了 我可以开车过去了 这个问题我已经纠结很久了,真是太好了 我可以开车过去了 这个问题我已经纠结很久了
我比宋慧乔谁美,化妆也是锦上添花诸位认为这女人化妆能美过宋慧乔吗,我不化妆也比她美,我不化妆也比宋慧乔美
D638从成都出发的时间是几点呢,当天07 05就可以出发了,D638几点能到达南京呢,D638几点能到达南京呢
去烤羊肉串吧,烤什么就知道吃吃吃,随便烤烤随便吃吃,随便烤羊肉串吃吃
你知道叶凡吗,一直很喜欢相思啊也知道是叶凡唱的 太年轻了默哀,我是说玄幻小说的主人公,我是说玄幻小说的主人公是叶凡
你说黄丹丽会不会喜欢我,阿丽会喜欢的,谁让你叫他阿丽了,谁让你叫黄丹丽阿丽了
你认识林依晨吗,林依晨耶没有人喜欢吗,你看过她的作品吗,你看过林依晨的作品吗
哦哦 印象城还挺吸引人的嘛 有那边的电话吗,电话号码是0512 62802222,嗯嗯 我记下了 再问一下苏州工业园区附近有没有高价位的 还有大床房的酒店呢,嗯嗯 我记下了 再问一下苏州工业园区附近有没有高价位的 还有大床房的酒店呢
多多旺港式茶餐厅有什么好吃的推荐菜吗,他们家推荐菜是海鲜粥,多多旺港式茶餐厅人均消费是多钱 太贵我可吃不起,多多旺港式茶餐厅人均消费是多钱 太贵我可吃不起
也挺高的 你的孩子不是你的孩子一共多少集啊,该剧一共是10集 不是很长,短点也挺好 可以很快看完 你知道你的孩子不是你的孩子的主演名单吗,短点也挺好 可以很快看完 你知道你的孩子不是你的孩子的主演名单吗
苏州乐园森林水世界的地址是哪里,这个景点地址是苏州市高新区阳山东路以西 山神湾路以东,我想在高新区附近找个便宜点的餐厅 帮我找一下 谢谢,我想在高新区附近找个便宜点的餐厅 帮我找一下 谢谢
那信号主演名单都包括谁啊,这部剧的主演名单包括李帝勋 赵震雄 金惠秀和张铉诚,收到 我其实还想知道 信号是多少集,收到 我其实还想知道 信号是多少集
有什么好吃的介绍吗,棉花糖肉还有别的,这些热量高,棉花糖肉热量高
我喜欢的人今天暗示我他不要谈恋爱,只要你们俩是郎有情妹有意说与不说又有何关系呢,他说要考试了,我喜欢的人说要考试了
你好 我来苏州玩 想在高新区找一家消费便宜点的景点先逛逛 求推荐,您可以去苏州太湖国家湿地公园哟,行啊 苏州太湖国家湿地公园地铁直达吗,行啊 苏州太湖国家湿地公园地铁直达吗
你知道TFBOYS吗,长得都挺不错的小鲜肉,你喜欢他们三个中的谁,你喜欢TFBOYS三个中的谁
斯巴鲁,貌似斯巴鲁很好,很不错的,斯巴鲁很不错的
但我还是更喜欢伯贤啦,都爱,哇哦可他是灿烈的,哇哦可伯贤是灿烈的
台湾同性恋合法了,性别不是最重要的事爱才是呢,不知道大陆什么时候才可以呢,不知道大陆什么时候同性恋才可以合法呢
微软害怕腾讯吗,反正特别好就对了,谁更好,微软和腾讯谁更好
红海行动电影下载地址,亲偶想免费看电影给,你能不能找到,你能不能找到红海行动电影
你好 来苏州旅游 能推荐个在吴江适合朋友出游的地方吗,你好 很高兴为您服务 您对景区的消费水平有要求吗,景区的消费水平偏贵一点可以,景区的消费水平偏贵一点可以
牛炭家本格炭火烤肉人均要花费多少钱,这家饭店人均消费是90元,哦 那还真不太贵 那牛炭家本格炭火烤肉招牌菜是什么,哦 那还真不太贵 那牛炭家本格炭火烤肉招牌菜是什么
来南阳,帮我查南阳到广州火车票,帮我买火车票,帮我买南阳到广州火车票
你好 我很喜欢看美国的电影 能帮我找个维果 莫腾森主演的呗,绿皮书是他主演的电影 当时上映时特别受欢迎,绿皮书什么时候上映的啊 主要演员都有谁呢,绿皮书什么时候上映的啊 主要演员都有谁呢
你的头像是你吗,先回答我你的头像是谁,是一部电影里面的主人公,我的头像是一部电影里面的主人公
你知道魏无羡吗,我偶像,那他老攻是谁,那魏无羡老攻是谁
蔡徐坤你知道吗,蔡徐坤真的是帅炸了啊会唱会跳性格还很好怪不得那么多人喜欢他,他是我老公,蔡徐坤是我老公
潘霜霜是谁,一个女的台州的 最近和林峰传出了一些亲密的照片 算红了,是怎么红的,潘霜霜是怎么红的
余歌是不是个好名字,是个好名字,这是我的大名,余歌是我的大名
好的 那D3296次动车二等座多少钱,票价为447 0元,D3296次动车什么时间出发,D3296次动车什么时间出发
太好了 值得一看 还有再帮我找一部好看的喜剧电影吧 要中国大陆的,给你推荐一部 疯狂的石头 吧 中国喜剧比较有代表性的作品,好的  疯狂的石头 主要演员都有谁啊 豆瓣的评分怎么样,好的  疯狂的石头 主要演员都有谁啊 豆瓣的评分怎么样
你好 我很喜欢看电影 对科幻片情有独钟 请问最近几年台湾地区有什么不错的科幻电影吗,你好 有的 骇战是一部台湾制作的科幻题材的电影 推荐给你,那帮我查查骇战的豆瓣评分是多少啊,那帮我查查骇战的豆瓣评分是多少啊
你好 我下周日下午要从南京到厦门 我想买二等座的高铁 看看有哪个车呀,当天有G1675 南京南 厦门北,G1675二等座多少钱,G1675二等座多少钱
东航MU5335的票价多少,请问舱位档次您倾向于哪一种 经济舱还是公务舱,东航MU5335的公务舱票价多少钱,东航MU5335的公务舱票价多少钱
你好 我刚来苏州玩 想吴江这边找一家提供日本料理的餐厅吃饭 价格不用考虑 求推荐,推荐您去牛炭家本格炭火烤肉 很赞呢,好的呀 牛炭家本格炭火烤肉有什么推荐菜呀,好的呀 牛炭家本格炭火烤肉有什么推荐菜呀
你知道神谷浩史吗,卡米亚w,你喜欢他不,你喜欢神谷浩史不
比亚迪给你充值了吗,怎么充值,给你广告费了,比亚迪给你广告费了
王俊凯王源易烊千玺你最喜欢谁,千玺你是最棒的爱你哟,我最讨厌他,我最讨厌千玺
我应该如何读研究生,去读博士吧,怕不能毕业,读博士怕不能毕业
你知道防弹少年团吗,还可以啊参见防弹的cypher pt123,他们最火的歌是什么,防弹少年团最火的歌是什么
猛龙过江的主演名单都有谁呢,这部电影的主演名单有李小龙 苗可秀 罗礼士,好的 那猛龙过江的片长为多长时间呢 还有 具体上映时间在什么时候呢,好的 那猛龙过江的片长为多长时间呢 还有 具体上映时间在什么时候呢
你觉得三体怎么样,终于正式全部看完了终于可以正式表示不好看,为什么不好看,三体为什么不好看
啊 刚好有时间呐 苏州博物馆是否地铁直达呢,不是地铁直达,还有我想在姑苏区附近找一家五星级酒店 能帮我找一下吗,还有我想在姑苏区附近找一家五星级酒店 能帮我找一下吗
你该担心章子怡而不是担心我章子怡身体情况并不好,喜欢章子怡张震喜欢不喜欢她不关我事,关键问题还是她的脸,关键问题还是章子怡的脸
陈剑说的,陈剑是谁,他是演员吗,陈剑是演员吗
你好 我这边今年需要采购一批台式机 你帮我推荐一款5000到10000的呗 挺喜欢联想的,好的 请您稍等 为您推荐联想扬天T4900v,那联想扬天T4900v是什么色系的 显卡是什么类别的,那联想扬天T4900v是什么色系的 显卡是什么类别的
您好 我朋友托我帮忙买台电脑 我想咨询一下常规笔记本 推荐一款,好的 您的预算价格是多少,我想要常规笔记本电脑价位5000到10000元吧,我想要常规笔记本电脑价位5000到10000元吧
我想玩的有意义些 天平山景区的特点是什么呢,这里是范仲淹先祖归葬地 可以走乱石路体验爬山乐趣 在11月中下旬赏红枫,再请你帮我查一下吴中区附近好吃的火锅餐厅,再请你帮我查一下吴中区附近好吃的火锅餐厅
你好 我是来苏州旅游的 你能帮我找一个姑苏区附近的适合家庭亲子的地方吗,我建议您去虎丘景区,虎丘景区地铁可以直达吗 门票多少钱呢,虎丘景区地铁可以直达吗 门票多少钱呢
现在做财务,财务总监还招人么,招吧,招财务总监吧
我想要一个常规笔记本,对屏幕尺寸有要求吗,电脑屏幕14英寸的就可以,电脑屏幕14英寸的就可以
林清玄,读林清玄的书总会有一种难以名状的触动那些或宁静或激昂的文字给予我太多太多 不得不说林清玄的文字是值得去捧一盏清茶细细品味的,他今天走了,林清玄今天走了
灵秀,灵秀是什么鬼,是一首歌呀,灵秀是一首歌呀
G38 南京南 北京南中途多长时间,时长为5小时7分,G38 南京南 北京南几点从南京出发,G38 南京南 北京南几点从南京出发
你玩抖音么,抖 不过现在很少抖了,账号多少,抖音账号多少
你是四川机器人吗,可是我有感情也会心痛,你是哪里人啊,你是四川哪里人啊
汕头,汕头今天的天气是多云转阴19度到24度微风小于3级,会不会下雨,汕头今天会不会下雨
四川香天下火锅的评分高吗 是多少分,评分挺高4 4分,是挺高的 我还想找吴江区附近的一星级酒店 能帮我找一下吗,是挺高的 我还想找吴江区附近的一星级酒店 能帮我找一下吗
你看过海贼王吗,没看过海贼的人生是不完整的,你喜欢里边的谁啊,你喜欢海贼王的谁啊
还是喜欢你这首歌谁唱的,不就是Sweety吗,你会唱这首歌吗,你会唱Sweety的还是喜欢你吗
为啥遇到什么事了,分手了,安啦你一定会找到那个对的人的,分手了很难过
你可是博士呀,博士真的是博士,不是吗,不是博士吗
那云南大学好吗,云大还可以,哪些方面可以,云南大学哪些方面可以
命运冠位指定呢,命运冠位指定一直在我的播放列表里隔段时间就要听听,它是游戏,命运冠位指定是游戏
你知道skrillex吗,有些曲子挺好听的对于喜欢金属音乐的我来说本能联想到金属,他的代表作是什么,skrillex的代表作是什么
好小子好奇怪呀 主演都有谁,主演有颜正国 左孝虎 陈崇荣 陈慧楼,好小子的演员还不错 豆瓣上的评分咋样,好小子的演员还不错 豆瓣上的评分咋样
可以抽奖,哪里抽奖,在我家,可以在我家抽奖
那陈立农,陈立农第一集出来穿着粉衣服真的好清爽啊,我炒鸡喜欢他,我炒鸡喜欢陈立农
你最喜欢什么电影,陪着你,这是什么电影,陪着你是什么电影
这家伴园私房菜餐厅的电话号码是多少呢,电话号码是139 6217 0368,这伴园私房菜附近有没有价位中等的酒店 请你给我推荐一个,这伴园私房菜附近有没有价位中等的酒店 请你给我推荐一个
噬罪者的豆瓣评分是几分,它的评分是8 0,那噬罪者的导演是谁呢,那噬罪者的导演是谁呢
Hi 我和朋友来苏州出差 顺便想到苏州大学逛一逛 体验一下苏大的人文风情 请问坐地铁是否可以直接到,您好 很高兴为您服务 去苏州大学可以地铁直达的,苏州大学的对外开放时间具体是怎样的呢,苏州大学的对外开放时间具体是怎样的呢
看过鬼父吗,都看过,什么内容呢,鬼父什么内容呢
这个是什么动画片呀,小熊华斯比历险记,那您知道这是什么动画片吗,那您知道小熊华斯比历险记是什么动画片吗
太好了 我还想找一家中等价位的火锅店吃饭 哪家比较好呀,您可以去四川香天下火锅 这家口味不错,行啊 四川香天下火锅的地址在哪,行啊 四川香天下火锅的地址在哪
城市便捷酒店的电话是多少,0512 63661555,城市便捷酒店的地址在哪,城市便捷酒店的地址在哪
哈喽 我朋友来苏州找我玩 我虽然是本地的 但不常出门 能不能给我找个便宜点的苏州园林,沧浪亭是个古老的园林 你们可以去游玩一番,你这边可以查到沧浪亭的电话号码吗,你这边可以查到沧浪亭的电话号码吗
我还想要找个袁咏仪演的动作片 麻烦了,不麻烦 袁咏仪曾主演过花木兰这部剧,袁咏仪演的花木兰评分高吗,袁咏仪演的花木兰评分高吗
预测一下厦门天气预报,厦门今天的天气是晴转阴26度到32度南风3级,未来15天天气预报,厦门未来15天天气预报
那四川航空3U8993经济舱的票价是多钱呢,票价是790元,那你帮我查查下周日成都去北京的航班吧 我临时有点事,那你帮我查查下周日成都去北京的航班吧 我临时有点事
刚好 我也想看剧情片呢,那真的是太巧了 说明我们很有缘分啊,对啊 那权力的游戏第一季 是什么年代的,对啊 那权力的游戏第一季 是什么年代的
我喜欢的人不喜欢我,爱情就是这么没道理只能自己看开委屈,他为什么不喜欢我,我喜欢的人为什么不喜欢我
你好 我想在工业园区找一个消费便宜点的景点玩 求推荐,推荐西交利物浦大学 感受一下校园的风光吧,好了 西交利物浦大学坐地铁能直达吗,好了 西交利物浦大学坐地铁能直达吗
那双瞳的豆瓣评分多少 我可一定要分高的,豆瓣评分7 5分 是这个系列分最高的了,7 5分也还行吧 双瞳的导演是谁,7 5分也还行吧 双瞳的导演是谁
比尔盖茨问点有难度的吧,比尔盖茨,他算是我见过智商最高的人类了,比尔盖茨算是我见过智商最高的人类了
你好 我想买辆汽车 最好是小型的两厢车 两驱的吧 麻烦你帮我推荐一下,好的 这边帮您找到POLO自动全景乐享版,POLO自动全景乐享版的价格是多少呢,POLO自动全景乐享版的价格是多少呢
你认识吴世勋吗,大爱吴世勋,他原先是属于鹿晗的,吴世勋原先是属于鹿晗的
好的 沙家浜风景区的具体地址能给提供给我一下吗,这个景点在苏州市常熟市沙家浜镇,沙家浜风景区的电话号也提供给我一下吧,沙家浜风景区的电话号也提供给我一下吧
你好小兵,你也好冰糖葫芦好吃么,好吃,冰糖葫芦好吃
你好 我想买辆汽油驱动的MPV 30万以上的吧 麻烦你帮我推荐一下,好的 为您推荐凯路威2 0TSI四驱舒适版,凯路威2 0TSI四驱舒适版有倒车影像吗,凯路威2 0TSI四驱舒适版有倒车影像吗
哦哦 再看看下周一成都到厦门的航班吧 我准备坐经济舱就可以了,你可以乘坐四川航空3U8937 双流国际机场T1 高崎国际机场T4,四川航空3U8937的票价是多少钱,四川航空3U8937的票价是多少钱
你好 我朋友要来苏州玩 他想先去商业中心这类地方逛逛 我平时不咋出去 你能帮我找个消费中等的地方吗,逛街的话去印象城吧 很多名牌的,帮我查查印象城评分咋样,帮我查查印象城评分咋样
是李大风吗,李大风是谁,不就是妳么Smirk,李大风不就是妳么Smirk
这么好啊 哈哈 我还想找一个价位便宜的休闲度假酒店 观前街附近有吗,周庄隐江南徐家民宿还不错,周庄隐江南徐家民宿有没有停车场啊,周庄隐江南徐家民宿有没有停车场啊
张锰是谁,不知道,有名么,张锰有名么
四川航空3U8912几点起飞,起飞时间为当天的18 50,四川航空3U8912到那几点,四川航空3U8912到那几点
小米Ruby属于什么色系的,小米的这款电脑属于灰色系的,小米Ruby游戏性能怎么样,小米Ruby游戏性能怎么样
北戴河离秦皇岛又多远,多远,有多少公里,北戴河离秦皇岛有多少公里
你好 我是南京人 下周准备要去深圳玩几天 请问下周四有没有航班呢 我需要有经济舱的余票,为您查询到南方航空CZ3560 禄口国际机场T2 宝安国际机场T3,南方航空CZ3560到达深圳时间是几点啊,南方航空CZ3560到达深圳时间是几点啊
甲壳虫180TSI宜乐型的价格是多少呢,这款车的价格是17 88万元,甲壳虫180TSI宜乐型有倒车影像功能吗,甲壳虫180TSI宜乐型有倒车影像功能吗
鼋头渚怎么样,鼋头渚是江苏省无锡市滨湖区的一个旅游景区介于太湖与蠡湖之间的充山西端因有石渚形如鼋头伸入湖中而得名,那边好玩吗,鼋头渚好玩吗
你好 我家在杭州 我想下周二下午坐高铁去南京旅游 能帮我查一下吗,我推荐您G7662 杭州东 南京南,那G7662什么时候到南京呢 太晚不方便,那G7662什么时候到南京呢 太晚不方便
把照片发一个,不敢,这也不敢,发照片也不敢
熟跟煎饼果子一样熟,你怎么评价陆奇,他的经历就是一部典型的励志故事,陆奇的经历就是一部典型的励志故事
北京有什么好玩的地方,去北京一定要刷一波水立方和天安门广场啊走起,不想去有什么特别的地方吗,不想去水立方和天安门广场有什么特别的地方吗
玩英雄联盟,见别人玩过呀还不错诶,你不玩吗,你不玩英雄联盟吗
您好 想找部好看的大陆剧 可以帮忙推荐推荐吗,好的 您平时都喜欢看什么类型的大陆剧呢,我喜欢看大陆的动作片剧 麻烦帮忙找一部评分高点的动作片,我喜欢看大陆的动作片剧 麻烦帮忙找一部评分高点的动作片
你好 我是从外地过来的 可以给我介绍一个吴中区好吃的东北菜餐厅吗,你好 我推荐您去品尝一下东北饭庄的东北菜,东北饭庄的人均消费大概要多少,东北饭庄的人均消费大概要多少
一枝梅一共多少集,这部剧一共是20集,那一枝梅的豆瓣分数咋样,那一枝梅的豆瓣分数咋样
我喜欢东京爱情故事,我不喜欢,超级好看很用心的一个电影,东京爱情故事超级好看很用心的一个电影
你认识babyQ吗,之前好像听人提起过babyQ,它的猜码图是和你学的,babyQ的猜码图是和你学的
真的好喜欢这小子,洼冢洋介,当年看大暴走的时候很喜欢他跟柴崎MM,当年看大暴走的时候很喜欢洼冢洋介跟柴崎MM
衡水有什么好吃的,不如家乡味,各地谁有什么特产,衡水各地都有什么特产
洛阳洛龙区,洛阳今天的天气是阴转小雨17度到21度东风小于3级,明天有雨吗,明天洛阳洛龙区有雨吗
那我说个事你别生气啊你平时那么爱吃不是金牛就是巨蟹吧,处女座,不管别人怎么说这是我最爱的星座,不管别人怎么说处女座是我最爱的星座
泸州老窖你知道吗,酒你知道多少,我问你,我问你知道泸州老窖吗
为了提升成绩 我打算给孩子报一个五年级语文精进班 最好在新区或者吴中区 麻烦给个推荐呗,我为您推荐PC5P44043A,PC5P44043A辅导班具体在哪块上课呢 还有课次是,PC5P44043A辅导班具体在哪块上课呢 还有课次是
梦见一条狗,嗯哼梦里在做什么呢,在睡觉,梦见一条狗在睡觉
你好 我准备去苏州旅游 吴江那边5星级的酒店帮我推荐一个呗 要标准间,苏州黎里水岸寒舍精品酒店 非常符合您的要求,苏州黎里水岸寒舍精品酒店评分高么 停车场免费么,苏州黎里水岸寒舍精品酒店评分高么 停车场免费么
姑苏区附近有没有什么偏贵的餐厅 给我找一家,有呀 伴园私房菜就很适合,伴园私房菜能地铁直达去吗,伴园私房菜能地铁直达去吗
反正我看透巨蟹男了,巨蟹男怎么了,他们情绪很敏感容易没安全感,巨蟹男情绪很敏感容易没安全感
海贼王,其实我知道点海贼王的八卦你应该感兴趣,说一下,说一下海贼王的八卦
盗梦空间的片长是多久,它的片长是148分钟,那盗梦空间的主演都有些谁,那盗梦空间的主演都有些谁
想喝酒吗,我有时候喝点红酒可以养颜哦,太苦了,红酒太苦了
在不 我想找点好看的影视剧 你推荐我一部2010年代的中国大陆科幻片电影吧,这样啊 我查了一下  疯狂的外星人 正是你要找的电影呢,疯狂的外星人是什么时间上映的呢,疯狂的外星人是什么时间上映的呢
告诉我尼采是谁,尼采你猜,他的思想是什么,尼采的思想是什么
你好 我家在苏州工业园区 今天准备出去吃 想在附近找一家价位便宜的餐厅,推荐您去乐乐茶 这家餐厅不错,餐厅最好是能地铁直达的 乐乐茶能吗,餐厅最好是能地铁直达的 乐乐茶能吗
在抖音上,对啊抖音粉丝快70万了,我才100多,我抖音粉丝才100多
关机了,什么关机啊,我手机啊,我手机关机啊
唉有个问题一直想问你总感觉你挺自信的是不是白羊座或者狮子座啊,我是天秤座,犹豫不决是这个星座最大的毛病你觉得呢,犹豫不决是天秤座最大的毛病你觉得呢
我喜欢杨超越,杨超越就是想红,那我喜欢她怎么办,那我喜欢杨超越怎么办
准备看考博的书,准备又要买书了,已经买了,已经买了考博的书了
你好 我最近要去苏州出差 抽空想旅游一下 想去水乡古镇 消费在偏贵就行,我建议您去周庄古镇 让您感受小桥流水人家绝美景色,周庄古镇评分多少啊 有什么特点吗,周庄古镇评分多少啊 有什么特点吗
苦瓜呢,苦瓜怎么做都好吃 做普通的就是炒鸡蛋或者直接凉拌,不好吃,苦瓜不好吃
发个红包呗,我赚的都发出去了,我没收到啊,我没收到红包啊
柳岩,被柳岩成功圈粉的路过,不喜欢她的歌,不喜欢柳岩的歌
你好 我从外地来苏州旅游 希望小客服能推荐一个好玩的地方 我想在工业园区找一个地方玩,那附近的景点可不少哦 你对景点类型有要求吗 我也好给你缩小点范围,嗯嗯 你不说我还差点忘了 最好是在工业园区找那种适合情侣约会的地方,嗯嗯 你不说我还差点忘了 最好是在工业园区找那种适合情侣约会的地方
现在有好看的电影吗介绍一下,推荐西小河的夏天看着很舒服父亲的角色尤其出彩,是古装片吗,西小河的夏天是古装片吗
埃及哪里好玩,开罗啊,我去过好旧了,埃及开罗我去过好旧了
我想去春天景色美的地方,离太阳最近的地方好美,你能推荐一下吗,你能推荐一下春天景色美的地方吗
而且为什么不是女方先发给我对不对,难道不是女方的不对,为什么优秀选择权在她手里,为什么优秀选择权在女方手里
你知道邓稼先吗,啥,知道他吗,知道邓稼先吗
可以健身啊,你在哪健身,在公园,在公园健身
还是直接问你吧 苏州大学附属儿童医院能做DSA么,这家医院可以的,那我什么时间可以去苏州大学附属儿童医院挂号呢,那我什么时间可以去苏州大学附属儿童医院挂号呢
我想要内存是8GB电脑,那我推荐你购买联想小新Air,联想小新Air的裸机重量是多少,联想小新Air的裸机重量是多少
我还想看看从南京到上海高铁 不知道下周六上午有没有 有的话也把车次信息发给我吧,也是有的 您可以选择G7185 南京南 上海虹桥,太好了 G7185 南京南 上海虹桥的一等座的票价是多少,太好了 G7185 南京南 上海虹桥的一等座的票价是多少
我和朋友来苏州出差 顺便想去苏州中心逛一逛 帮我看看他们家是否有地铁直达,嗯嗯 他们家正好可以地铁直达,苏州中心的开放时间是多少,苏州中心的开放时间是多少
北京有避暑的地方吗,就是避暑山庄,在哪,避暑山庄在哪
你喜欢哪本书,玫瑰的故事,讲什么的,玫瑰的故事讲什么的
羊关故人的地址在什么地方,餐厅的地址位于九华路128号华润万家旁边电梯三楼,地铁是否直达羊关故人,地铁是否直达羊关故人
厦门航空MF8502经济舱多少钱呢 我对比一下价格 哈,经济舱450元,公务舱和经济舱差这么多呀 那航空MF8502具体的出发和到达时间是,公务舱和经济舱差这么多呀 那航空MF8502具体的出发和到达时间是
我跟对象吵架了,什么情况啊是不是又暴脾气了,感觉他不爱我了,感觉对象不爱我了
你好 朋友来苏州找我玩 在考虑住哪家酒店 听说苏州永顺快捷酒店这家还不错 想了解一下他家的标准间,他们家酒店标准间房费是131元,苏州永顺快捷酒店有停车场吗,苏州永顺快捷酒店有停车场吗
好的 如果我改乘下周二下午的动车呢 有哪个,还是D941 上海虹桥 深圳北 这个车,哦 D941下周二几点发,哦 D941下周二几点发
你好 我想知道下周六上海的天气怎么样,是晴转多云的天气哟,下周六上海温度多少呢,下周六上海温度多少呢
好的 然后下周日我到上海 上海的天气怎么样 气温多少,下周日上海晴转多云 最高温度18摄氏度 最低温度11摄氏度,下周日上海紫外线是不是很强呀 我可怕晒 呵,下周日上海紫外线是不是很强呀 我可怕晒 呵
一支烛光是你的声音啊都是哦,我要看一支烛光,很多人看了这首应该很有共鸣的,很多人看了一支烛光应该很有共鸣的
冯绍峰,问你一下冯绍峰的粉丝名是什么,我又不是他粉丝,我又不是冯绍峰粉丝
你好 我正在考虑买一辆SUV 比较相信一汽大众 平时4个人坐 你帮我推荐一款吧,好的 为您推荐探影280TSIDSGR Line,探影280TSIDSGR Line的价格是多少,探影280TSIDSGR Line的价格是多少
i7 9750H还是蛮高的呢 惠普 HP 光影精灵5的裸机重量是几公斤啊,裸机重量是2 2 5kg,裸机重量挺重呢 我再考虑一下吧 谢谢你 再见,裸机重量挺重呢 我再考虑一下吧 谢谢你 再见
范小微 比较漂亮,范小微偷税啦,看了她的致歉信还挺诚恳的,看了范小微的致歉信还挺诚恳的
时间点还不错 正好可以午饭 那厦门航空MF8502公务舱的票价高不高,票价是2270元,好的 那再帮我看一下MF8502的起飞时间吧,好的 那再帮我看一下MF8502的起飞时间吧
平凡的世界,这本买了很久了还没看呢,内容是什么,平凡的世界内容是什么
下周一北京几级的风,3 4级吧 是西南风,好嘞 下周一北京的温度怎么样呢,好嘞 下周一北京的温度怎么样呢
有看过霹雳吗,看过啊超好看的,最喜欢里面的谁啊,最喜欢霹雳里面的谁啊
你头像是你本人吗,我的头像当然是我啦,好巧 我的也是,好巧 我的头像也是我本人
我吃你的欧派,什么叫欧派,去网上查一下,去网上查一下什么叫欧派
那什么时候可以去苏州市吴中人民医院门诊呢,门诊时间是8 00 12 00 13 00 17 00,苏州市吴中人民医院应该有CT吧,苏州市吴中人民医院应该有CT吧
那你教教我呗我想学乒乓球,第一次玩,好玩吗,乒乓球好玩吗
川航空3U8548的起飞时间是什么时候呢,起飞时间为当天10 10,川航空3U8548大概什么时候到达成都,川航空3U8548大概什么时候到达成都
另外我听说周庄花间堂桔梗餐厅这家餐厅口碑不错 我想问一下他们家电话号码是多少,他们家电话是138 1289 9961,周庄花间堂桔梗餐厅的地址在哪里,周庄花间堂桔梗餐厅的地址在哪里
出去两天去厦门怎么样,我也想出去玩可怜哪里都好,我带你呀,我带你去厦门呀
我想去旅行,想去就去吧谁还没一次说走就走的旅行呢 曼谷的泰国王宫特别壮丽辉煌值得一去,但是我只有一个人你跟我一起去吧,但是我只有一个人你跟我一起去曼谷的泰国王宫吧
好的 那再麻烦介绍一部科幻片的美国的影片看看,美国的推荐给你一部 盗梦空间  也是一部不错的影片,盗梦空间 的导演是谁 豆瓣打到多少分呢,盗梦空间 的导演是谁 豆瓣打到多少分呢
探影280TSIDSGR Line有座椅通风功能么,抱歉 没有这个功能,那探影280TSIDSGR Line有倒车影像功能吗,那探影280TSIDSGR Line有倒车影像功能吗
我还想看看预算内能购买到的戴尔 G系列的电脑,你看看这款戴尔 DELL 游匣G3灵越3590吧 好评如潮,戴尔 DELL 游匣G3灵越3590这款电脑的售价是多少,戴尔 DELL 游匣G3灵越3590这款电脑的售价是多少
我的名字叫可汗 的主要演员都有谁,这部电影的主演有沙鲁克 汗 卡卓儿 肖恩 哈珀,我的名字叫可汗 豆瓣评分是多少,我的名字叫可汗 豆瓣评分是多少
我下周想去广州旅游玩玩 能帮我查查下周三南京到广州的航班么,好的 请问您对舱位档次有什么需求吗,下周三南京到广州的航班我要经济舱就可以了,下周三南京到广州的航班我要经济舱就可以了
天官赐福看过吗,很老的片子啊 艺术人文,是小说,天官赐福是小说
你好 2020年我想利用假期回顾一部优秀的电视剧 请问2010年代中国台湾最热门的电视剧里有好的推荐吗,请问想看什么类型的剧呢,帮我推荐一部2010年代中国台湾最热门的动作片吧,帮我推荐一部2010年代中国台湾最热门的动作片吧
我教师资格证考试能过吗,能过的考完研就开始复习了,那我到底能过吗,那我教师资格证考试到底能过吗
越狱第一季的主演都有些谁,它的主演有温特沃斯 米勒 多米尼克 珀塞尔 彼得 斯特曼,那越狱第一季的首播时间是什么时候,那越狱第一季的首播时间是什么时候
常熟颐文阁酒店的评分不算太高 房费是多少呢,标准间208元,常熟颐文阁酒店的评分的电话有吗,常熟颐文阁酒店的评分的电话有吗
你好 请帮我查一下下周日上午 北京到杭州的高铁一等座 有哪个车次,您可以坐G19 北京南 杭州东,G19票价是多少钱呢,G19票价是多少钱呢
你好 我和朋友准备出去玩可以给我推荐一个昆山附近的地方吗,你好 请问您想去什么消费水平的景点呢,这个嘛 你帮我推荐一个在昆山附近消费水平中等的地方就行了,这个嘛 你帮我推荐一个在昆山附近消费水平中等的地方就行了
西贝莜面村评分是多少啊,评分是4 6,哦哦 西贝莜面村有地铁能过去吗,哦哦 西贝莜面村有地铁能过去吗
还有还珠格格,还记得当初的小燕子吗,记得,记得当初的小燕子
您好 我想找部台湾电视剧看看 能帮我推荐个评分高点的吗,可以的 您想看什么类型的台剧呢,我想看台湾的爱情片电视剧 能推荐一下吗,我想看台湾的爱情片电视剧 能推荐一下吗
你说我为什么受不了了别人批评我,你最受不了别人说你什么,受不了他们说我做错了说我不对,受不了别人说我做错了说我不对
澳门七子之歌,你去过吗有什么好玩的吗,梦到这首歌了,梦到七子之歌了
法证先锋一共多少集,这部电视剧一共有25集,法证先锋的导演是谁,法证先锋的导演是谁
微软是谁,微软是我偶像,他在哪,微软在哪
你好 我平时爱好是看电影 尤其喜欢动作片类型的 想找一部近些年台湾地区最好看的动作片来看 有好的推荐吗,有一部叫 艋舺 的动作片 蛮好看的 推荐给你,艋舺 豆瓣的评分有多少分呢,艋舺 豆瓣的评分有多少分呢
请问东方航空MU5101从上海起飞的时间是啥时候,起飞时间是当天08 00,我想买东方航空MU5101的经济舱 票价多少,我想买东方航空MU5101的经济舱 票价多少
我的前男友,不要相信前男友分分合合那么多次是真心还是假意你自己应该也想清楚了,他没有要跟我和好,前男友没有要跟我和好
给我一本武侠小说,武侠小说第一人金庸,是谁,武侠小说第一人是谁
你好 我家在苏州姑苏区 想在附近找一家中等价位的餐厅吃饭 最好地铁直达 麻烦你推荐一家吧,好的 为您推荐农乐园炭火烤肉,想确定下 农乐园炭火烤肉是地铁直达的哈,想确定下 农乐园炭火烤肉是地铁直达的哈
苏州有没有价格便宜的提供快餐简餐的餐厅 给我推荐一家,推荐您到东吴面馆用餐,我怎么联系东吴面馆,我怎么联系东吴面馆
严厨老坛酸菜鱼的电话麻烦查一下,电话是 0512 86876178,严厨老坛酸菜鱼的拿手菜是哪道,严厨老坛酸菜鱼的拿手菜是哪道
给我介绍个女朋友,敢不敢发个朋友圈说此事坏笑,你帮我发呀,你帮我发朋友圈呀
吉泽明步,吉泽明步是谁,她是谁呀,吉泽明步是谁呀
机器不是人,机器是谁,他们没有感情,机器没有感情
张柏艺是谁,是一位明星,你有她微信吗,你有张柏艺的微信吗
那我什么时间去苏州大学附属理想眼科医院能挂号,挂号时间是7 30 17 30,苏州大学附属理想眼科医院有DSA么,苏州大学附属理想眼科医院有DSA么
你换个头像不可爱,这个头像多妖艳的,不好看,头像不好看
你知道红星照耀中国的作者是谁吗,总编剧臧云飞编剧张晓宇程奕瑶剧本编剧赵跃王晓萌姜兴学俞智杰我关注过,是埃德加斯诺,红星照耀中国的作者是埃德加斯诺
不骗你好多人都因为这个倾家荡产所以千万别碰,每天几万几十万人在上面找喜欢玩的赌博游戏,反正我就见过为它破产的没见过靠它成功的,反正我就见过为赌博游戏破产的没见过靠赌博游戏成功的
周泽楷,周泽楷可是轮回战队的队长呢实力很强悍啦,他实力有多强悍啊,周泽楷实力有多强悍啊
苏州永顺快捷酒店有停车场吗,有收费的停车场,苏州永顺快捷酒店的电话是多少,苏州永顺快捷酒店的电话是多少
MU5132什么时间从北京起飞呢 我提前叫个车送我,起飞时间当天11 10,好咧 那MU5132到达杭州的时间呢,好咧 那MU5132到达杭州的时间呢
好 就去这吧 麻烦你把观前街联系电话发给我,抱歉 没有查询到这个景点的电话呢,没事 观前街有啥特点没 回去我好跟朋友们介绍介绍,没事 观前街有啥特点没 回去我好跟朋友们介绍介绍
您好 我想找一部电影看看 能帮我推荐一部韩国电影吗,我建议你看看狼少年,好的 狼少年是什么类型的啊,好的 狼少年是什么类型的啊
你喜欢田馥甄吗,独特唱功超棒喜欢田馥甄,听过她什么歌,听过田馥甄什么歌
我喜欢听信仰不灭因为我喜欢陆必行和林静恒,原来如此果然是没有无缘无故的喜欢啊,他们帅啊,陆必行和林静恒帅啊
你知道全职猎人吗,基本上所有人都是不尊重生命的,我说的是漫画,我说的全职猎人是漫画
您好 想找点好看的电视剧看看 能帮忙推荐一下2010年代的热播美剧吗,您平时喜欢看什么类型的美剧呢,我喜欢看2010年代的热播美剧的犯罪片 最好帮忙推荐一部犯罪片,我喜欢看2010年代的热播美剧的犯罪片 最好帮忙推荐一部犯罪片
对了你去过泰国吗,没有去过,有点想去呢正好打工攒了一笔钱,有点想去泰国呢正好打工攒了一笔钱
好的 再帮我推荐一个台湾电影呗,您有喜欢的演员吗,我特别喜欢甄珍演台湾电影,我特别喜欢甄珍演台湾电影
那帮我查查艋舺的时长是多久,这部电影总时长是140分钟,那帮我查查艋舺的豆瓣评分怎么样,那帮我查查艋舺的豆瓣评分怎么样
我还想知道青鹤谷这家餐厅的地址在哪,青鹤谷餐厅的地址在李公堤三期21幢,青鹤谷餐厅的营业时间在什么时候,青鹤谷餐厅的营业时间在什么时候
朴孝敏,朴孝敏有几个角度我觉得像鹿晗23333,她是谁,朴孝敏是谁
苏州大学附属儿童医院的挂号时间是什么时候,7 15 16 00都可以挂号,嗯 坐什么公交可以到苏州大学附属儿童医院呢,嗯 坐什么公交可以到苏州大学附属儿童医院呢
baek怎么读,读 杜德伟,好像不是这么读吧那有什么含义呢,好像不是读杜德伟吧那有什么含义呢
好的 能再查一下苏州金鸡湖李公堤瑞贝庭公寓酒店的大床房的房费吗,大床房438元,听说苏州中心很出名啊 我想知道有什么特点,听说苏州中心很出名啊 我想知道有什么特点
迷你世界是什么,游戏啊,你觉得它好玩吗,你觉得迷你世界好玩吗
张假花将来肯定是首富,只能说成功的人都不简单,他已经成功了一半肚腩是有了,张假花已经成功了一半肚腩是有了
吴亦凡的唱功怎么样,吴亦凡的唱功不行其他的真心low,他的电音好听吗,吴亦凡的电音好听吗
明天准备请朋友去吃好吃的 我朋友喜欢吃火锅 能推荐一下么,推荐您去老天桥蛙炉火锅,老天桥蛙炉火锅价位中等么 我想找个中等价位的餐厅,老天桥蛙炉火锅价位中等么 我想找个中等价位的餐厅
马珍珍是谁,无敌不要脸滴丑妞哈哈,她会杀了你的,马珍珍会杀了你的
哦 那能帮我推一部印度的科幻电影吗,好 印度的话 推荐你看宝莱坞机器人之恋这部电影,宝莱坞机器人之恋的导演是哪个,宝莱坞机器人之恋的导演是哪个
没理想,理想这首歌不错你可以听下,谁唱的,理想是谁唱的
梦见我女神了,哦我知道了还记得发生了啥吗,她跟我说其实想跟我在一起,梦见我女神跟我说其实想跟我在一起
好呀 闺蜜家都什么时间营业呢,营业时间为周一到周天上午9点半到晚上21点半,好的 你了解闺蜜家的评分吗,好的 你了解闺蜜家的评分吗
你好 能给我推荐一个游戏电脑吗,你的预算大概是多少呢,我的预算大概是5000元到10000元,我的预算大概是5000元到10000元
你好 我来苏州办事 顺便想逛逛景点 有没有消费中等的姑苏古迹推荐一下,推荐您去虎丘景区 这个地方非常有意思,虎丘景区评分是多少了 高不高,虎丘景区评分是多少了 高不高
昨天熬夜刷了好几集秦时明月困死啦zzzzz,看到哪了,大结局,秦时明月看到大结局了
年后 我正在做苏州的旅游攻略 你可以帮我找一个5星级有标准间的商务出行类型的酒店吗,这边为您推荐苏州黎里水岸寒舍精品酒店吧,请问这个苏州黎里水岸寒舍精品酒店的停车场是免费的吗,请问这个苏州黎里水岸寒舍精品酒店的停车场是免费的吗
那戴尔 DELL OptiPlex7070MT是什么系统的呢,这款的系统是Windows10的,好的 你再帮我看看戴尔 DELL OptiPlex7070MT的CPU型号吧,好的 你再帮我看看戴尔 DELL OptiPlex7070MT的CPU型号吧
我梦到了周淑怡,嗯哼梦里在做什么呢,梦到她在逃跑,梦到周淑怡在逃跑
那个 贝多芬的作品中你最喜欢哪些,第九交响曲,很有感觉的调调,第九交响曲很有感觉的调调
联想拯救者Y7000色系是什么,它是黑色系,那联想拯救者Y7000的游戏性能怎么样,那联想拯救者Y7000的游戏性能怎么样
快递不行吗,不行,咋不行,快递咋不行
好的 再帮我找家高新区附近的3星酒店吧 要标准间,美锦酒店 这家挺符合您的需求的,美锦酒店多少钱一晚上呢,美锦酒店多少钱一晚上呢
金牛座,维纳斯就是金牛座的守护神哟爱与美的女神,不是我的女神,维纳斯不是我的女神
途昂X380TSI四驱豪华版有定速巡航功能吗,有这个功能,再看看途昂X380TSI四驱豪华版有座椅加热吗,再看看途昂X380TSI四驱豪华版有座椅加热吗
我想去武汉有什么好玩的地方呢,查了一下黄鹤楼东湖红楼晴川阁古琴台归元寺武大樱园武汉欢乐谷等,有什么当地特产呢,武汉有什么当地特产呢
哈哈收了很多压岁钱吧,没收多少,按人头收一人给200,按人头收压岁钱一人给200
卤煮,我知道有个零食叫卤煮是不是你说的,你喜欢吃吗,你喜欢吃卤煮吗
你好 我在苏州度假 明天准备去平江路玩 我想问问门票价格多少钱,门票价格是20元,平江路有什么特点吗,平江路有什么特点吗
北京今天天气怎么样,北京今天的天气是晴转多云24度到32度北风3级,适合穿裙子吗,北京今天天气适合穿裙子吗
柳永介绍一下,柳永是谁,是我徒弟,柳永是我徒弟
还有文秀红跟那个批瓜舍无,文秀红是谁,一个老瓜婆娘,文秀红是一个老瓜婆娘
最后我还想再麻烦你个事儿 给我推荐一下这区域附近的五星级酒店吧,推荐您去苏州金鸡湖新罗酒店,苏州金鸡湖新罗酒店有大床房吧 我要求他们家有大床房,苏州金鸡湖新罗酒店有大床房吧 我要求他们家有大床房
邵文正,邵文正是谁阿,我朋友,邵文正是我朋友
梅西怎么样,梅西强多了,他已经淘汰了,梅西已经淘汰了
越狱第一季首播的时间是在什么时候 每集有多长时间呢,这部剧是2005年9月1日在美国首播的 每集有42分钟,在豆瓣上越狱第一季的评分有多少分,在豆瓣上越狱第一季的评分有多少分
苏州水岸寒舍酒店的房费是多少,房费为1246元,苏州水岸寒舍酒店的电话号码是多少,苏州水岸寒舍酒店的电话号码是多少
苏州太湖国家湿地公园的门票价格是多少,门票价格为60元,苏州太湖国家湿地公园的评分是多少,苏州太湖国家湿地公园的评分是多少
小萝莉的猴神大叔的导演是谁,这部剧导演是卡比尔 汗估计是个有才华的人,小萝莉的猴神大叔的主要演员都有谁,小萝莉的猴神大叔的主要演员都有谁
苏州吴宫泛太平洋酒店的评分是多少呢,评分是4 6,苏州吴宫泛太平洋酒店的停车场是免费的吗,苏州吴宫泛太平洋酒店的停车场是免费的吗
哦 来自星星的你的豆瓣评分比我预想的分要低一点 你能把主演的名单发给我看看吗,可以啊 主演是金秀贤 全智贤 朴海镇 刘仁娜,哦 都是我喜欢的演员 不知道是谁执导的这么好的电视剧来自星星的你呢,哦 都是我喜欢的演员 不知道是谁执导的这么好的电视剧来自星星的你呢
听说苏州途乐酒店公寓这家酒店还可以 想了解一下他家的大床房,他家大床房非常不错 干净舒适,那苏州途乐酒店公寓房费多钱 是不很贵,那苏州途乐酒店公寓房费多钱 是不很贵
这么好 是不金鸡湖景区的门票很贵,不贵 他家是免费的,工业园区附近有啥好吃的面包甜点餐厅吗,工业园区附近有啥好吃的面包甜点餐厅吗
那联想扬天T4900v是什么色系,它的色系未明确说明,联想扬天T4900v的待机时间是多久,联想扬天T4900v的待机时间是多久
我属兔,刚刚不是属美人鱼的吗,哪有这个生肖,哪有美人鱼的生肖
好喜欢你啊,哦所以呢想怎样,想在一起,想和你在一起
头像是你本人吗,还能有谁当然是我啊,哇好漂亮,哇你头像好漂亮
我听说东北饭庄的口碑不错 我想问一下那的营业时间是几点,这个餐厅的营业时间是 周一至周日10 30 21 00,那东北饭庄的人均消费大概是多少钱,那东北饭庄的人均消费大概是多少钱
你认识蓝浩洋吗,嗯,你做他女朋友吧,你做蓝浩洋的女朋友吧
你知道崔薇吗,朴有天因为,我喜欢的一个女孩,崔薇是我喜欢的一个女孩
下周日成都的天气情况怎么样啊,当天是多云,再帮我查一下下周六成都的天气是怎样的,再帮我查一下下周六成都的天气是怎样的
那D3295什么时候从南京出发呢 我不想太早起来,当天07 45出发 确实比较早,那D3295在路上一共要花多长时间呢,那D3295在路上一共要花多长时间呢
你喜欢胡歌吗,你是我的小呀小苹果,我喜欢他,我喜欢胡歌
你放假打算去哪里玩,大北京啊故宫长城颐和园景点多到数不过来,你有钱去,你有钱去故宫长城颐和园啊
有地铁直达太好了 观前街的评分怎么样呢 高不高啊,比较高 评分是4 3分,行 观前街的评分不低了 我怕评分低再让朋友笑话了 你方便把景点的地址发过来吗,行 观前街的评分不低了 我怕评分低再让朋友笑话了 你方便把景点的地址发过来吗
你好 请问下周三我们杭州什么天气呀 多少度,下周三杭州是多云的天气 最高温度14摄氏度 最低温度1摄氏度,好 杭州这几天风挺大的 下周三风力如何,好 杭州这几天风挺大的 下周三风力如何
你看过狩魂者吗,狩魂者不是文学,这是小说,狩魂者是小说
我还想找美食 听说外婆家这家餐厅口碑不错 这家店能地铁直达吗,他们家可以地铁直达,那外婆家人均消费是多钱了,那外婆家人均消费是多钱了
战狼2怎么样,战狼2出来没,早出来了,战狼2早出来了
我还想拔草美食 有价位中等的韩国料理餐厅吗,农乐园炭火烤肉就是,农乐园炭火烤肉推荐菜是什么,农乐园炭火烤肉推荐菜是什么
狮子林地铁直达吗 我们也没有开车来,地铁无法直达,有没有狮子林的电话号码 我可以联系一下,有没有狮子林的电话号码 我可以联系一下
苏州黎里水岸寒舍精品酒店大床房的话 一晚上要多少钱呢,大床房的话 一晚上要629元,那苏州黎里水岸寒舍精品酒店标准间又是什么个情况呢,那苏州黎里水岸寒舍精品酒店标准间又是什么个情况呢
请我吃饭,我要吃满汉全席,吃阿你请客,吃阿你请客吃满汉全席
这么贵呀 那有没有下周日下午北京到杭州动车呢,有D711 北京 杭州 这个车,D711一等卧多少钱,D711一等卧多少钱
下周三北京温度多少,最高温度8摄氏度 最低温度 5摄氏度,下周三北京紫外线强吗,下周三北京紫外线强吗
这么巧 那下周三南京温度呢,最高温度10摄氏度 最低温度2摄氏度 比苏州要冷一些,那我多准备一件衣服 下周三南京光照不知道怎么样 紫外线强不强,那我多准备一件衣服 下周三南京光照不知道怎么样 紫外线强不强
未知死亡的主演名单都包括谁啊,该影片的主演名单包括阿米尔 汗 缇努 阿南德和阿辛,嗯 那你知道未知死亡的豆瓣评分是多少吗,嗯 那你知道未知死亡的豆瓣评分是多少吗
你这头像哪儿来的,tt一个表情而已,感觉是PS出来的,感觉你这头像是PS出来的
LGD,LGD输了么,输了,LGD输了
我们分手吧你根本不爱我,怎么可能啦最喜欢你了,怎么证明,怎么证明你最喜欢我
我不是妞妞你是妞妞,妞妞漂亮么,挺漂亮的,妞妞挺漂亮的
你知道傲慢与偏见吗,误会是必然的谅解是偶然的相爱是偶然中的偶然,它的作者是谁,傲慢与偏见的作者是谁
爱的魔力转圈圈,爱的魔力转圈圈是什么,是歌,爱的魔力转圈圈是歌
下周三从深圳出发去北京经济舱吧 公司给报销,好的呢 为您查询到 南方航空CZ3171 宝安国际机场T3 首都国际机场T2,下周三从深圳出发去北京的南方航空CZ3171这趟航班的到达时间是什么时候呢,下周三从深圳出发去北京的南方航空CZ3171这趟航班的到达时间是什么时候呢
那G1675 杭州东 厦门北几点到厦门呢,当天20 49就能到,G1675 杭州东 厦门北二等座的票价是多少,G1675 杭州东 厦门北二等座的票价是多少
你好 最近正计划着把我的旧电脑换掉 想了解一下联想 YOGA系列 我的预算是5000到10000左右 不知道够不够用,你好 这个系列里的联想YOGAC740笔记本不错,联想YOGAC740硬盘容量多大啊,联想YOGAC740硬盘容量多大啊
同里古镇地铁可以直达吗,地铁不能直达 真的是太不好了,再麻烦你给我找一家吴江附近的一星级酒店 我要大床房,再麻烦你给我找一家吴江附近的一星级酒店 我要大床房
安琪拉,安琪拉很厉害,是的是的我超喜欢她,是的是的我超喜欢安琪拉
那些回不去的年少时光作者是谁,让我想想是 桐华,她还有别的什么书,桐华还有别的什么书
你知道翟天临是谁吗,翟天临啊我记得是汉族,他是什么职业,翟天临是什么职业
好啊 请问付小姐在成都的营业时间是几点,时间是周一至周日11 00 24 00,请问付小姐在成都的人均消费是多少钱呢,请问付小姐在成都的人均消费是多少钱呢
张小龙认识吗,腾讯微信事业群的老总呀以前负责过QQ邮箱的建设,你认为他如何,你认为张小龙如何
他打算下周五出发,这边推荐您坐 上海航空FM9309,好的呢 那上海航空FM9309经济舱的票价是多少呢,好的呢 那上海航空FM9309经济舱的票价是多少呢
恩 另外我还想看看同等条件的商用电脑 再帮忙介绍下吧,商用电脑为你推荐这款联想天逸510Pro,联想天逸510Pro是什么操作系统 硬盘有多大容量呢,联想天逸510Pro是什么操作系统 硬盘有多大容量呢
是啊 下周六广州紫外线一定很强吧,是的 当天是很强呢,如果我想在下周日出发从厦门到广州呢 有哪个航班,如果我想在下周日出发从厦门到广州呢 有哪个航班
江永波不喜欢我,对说,他有女朋友了,江永波有女朋友了
你好 下周日我要从成都到南京 准备坐经济舱的飞机 请问当天有哪个班次,你可以乘坐四川航空3U8993 双流国际机场T1 禄口国际机场T2,四川航空3U8993的票价多少钱,四川航空3U8993的票价多少钱
知道斯皮尔伯格吗,斯皮尔伯格在拍太平洋啊,他都有什么电影啊啊,斯皮尔伯格都有什么电影啊啊
我还想找一家叫汉城韩国料理的餐厅 听说这家店的口碑很好 我想问问具体评分是多少,这家汉城韩国料理的餐厅评分是4 7分,汉城韩国料理的营业时间呢 能查一下吗,汉城韩国料理的营业时间呢 能查一下吗
我老婆是谁,袁咏仪,为啥,为啥我老婆是袁咏仪
MU5101几点到北京,当天10 15到北京,好的 平时MU5101准点吗,好的 平时MU5101准点吗
我只想问这是哪部动漫,刃牙吗,动漫啊这个我知道怎么啦,动漫啊刃牙我知道怎么啦
我是大哥大的导演叫什么名字,导演是福田雄一,我是大哥大的集数有多少集呢 每集多长时间,我是大哥大的集数有多少集呢 每集多长时间
通往女人心灵的捷径谁说的是什么,通往女人心里滴捷径  是什么,谁的名言,通往女人心灵的捷径是谁的名言
你好 我想去苏州这边价格比较偏贵的西餐餐厅,推荐您去王品牛排,王品牛排的营业时间是什么时候,王品牛排的营业时间是什么时候
我在问你东方永夜抄怎么了,东方永夜抄是啥,这是个游戏呀,东方永夜抄是个游戏呀
那潜行狙击的豆瓣分数怎么样,豆瓣评分是8 5分,还行 潜行狙击一共多少集,还行 潜行狙击一共多少集
嗯嗯 记下了 听说苏州明月快捷酒店还不错 酒店的标准间怎么样,酒店标准间171元,苏州明月快捷酒店的评分怎么样,苏州明月快捷酒店的评分怎么样
你好 我来苏州办事 抽时间打算找个景点逛逛 可以帮我找一个中等价位的姑苏古迹玩吗,那我帮你推荐虎丘景区好了 这个地方很值得去玩的,可以呀 虎丘景区门票贵不,可以呀 虎丘景区门票贵不
哦 那帮我看看下周四南京到成都的航班吧 我要坐经济舱 看看有哪个 告诉我,您可以乘坐中国国航CA4524 禄口国际机场T2 双流国际机场T2,中国国航CA4524具体起飞和到达时间是几点 我提前告诉我朋友一声 他要接我,中国国航CA4524具体起飞和到达时间是几点 我提前告诉我朋友一声 他要接我
你好 我下周日准备去成都出差 请帮我查一下从南京出发的航班,好哒 您比较喜欢经济舱还是公务舱,我想要下周日从南京出发去成都的航班公务舱,我想要下周日从南京出发去成都的航班公务舱
您好 我最近想看看经典电视剧 你知道90年代有什么好看的电视剧吗,90年代最经典的电视剧 我觉得是还珠格格,哦 对 还珠格格确实经典 不过还珠格格是什么地区的啊,哦 对 还珠格格确实经典 不过还珠格格是什么地区的啊
你知道秋山澪吗,认识,是谁,秋山澪是谁
对了 帮我查查苏州大学的开放时间是几点到几点啊,这个景点全天开放,全天开放好啊 哈哈 你知道苏州大学的地址吗,全天开放好啊 哈哈 你知道苏州大学的地址吗
你好 我朋友来苏州找我玩 能帮我找一个工业园区价格偏贵的景点吗,这边为您推荐金鸡湖景区吧,请问金鸡湖景区这个地方的评分是多少,请问金鸡湖景区这个地方的评分是多少
你觉得村上春树的小说怎么样,喜欢村上春树的小说,哪一本最好,你觉得村上春树的哪一本小说最好
嗯嗯我喝了点儿酒有点瞌睡,怎么能喝酒,怎么不能,怎么不能喝酒
暮光之城啊我的女神,唯美的剧情加上般配的男女主角必看的理由,超棒,暮光之城超棒
我的野蛮女友的豆瓣评分有多少,豆瓣上的网友对这电影评价还不错 给出了8 2分,还不错 播完我的野蛮女友需要多少分钟,还不错 播完我的野蛮女友需要多少分钟
时间有点紧啊 要好好安排一下 我还想吃粤菜 推荐个价格中等的餐厅,臻品粤茶餐厅,臻品粤茶餐厅地铁能直达吗,臻品粤茶餐厅地铁能直达吗
你好 我来苏州旅游想在工业园区找一个适合朋友出游的景点 帮我找一个谢谢,推荐您去印象城 很适合和朋友一起玩,印象城有直达的地铁没,印象城有直达的地铁没
腾讯怎么样,反正我超级喜欢的,收费吗,腾讯收费吗
您好 我想找一些好看的电影 90年代的美国电影都有什么呢,有很多 您希望是什么样题材的呢,我想找一些好看的电影 90年代的美国爱情电影,我想找一些好看的电影 90年代的美国爱情电影
其实有件事还挺好奇的像你这么爱玩不是双子就是射手的吧,射手,有人说这个星座的人不定性你说呢,有人说射手星座的人不定性你说呢
晚上我想在苏州太湖国家湿地公园附近找一家3星级酒店 有推荐的吗,那您对房型有要求吗,我想要一家3星级酒店标准间 其他没啥要求的,我想要一家3星级酒店标准间 其他没啥要求的
你会说英语吗,小菜一碟啊,说两句听听,说两句英语听听
买哪个股票,买中石油,还有吗,还有中石油吗
我玩Deeom,快玩好玩么,特好玩,Deeom特好玩
午餐肉多好吃,好吃你就多吃点吧,有营养,午餐肉有营养
想吃麻辣香锅,哇很棒哎感觉不错,你吃过吗,你吃过麻辣香锅吗
我有个哥们叫尚文杰,电视剧了,他也喜欢你,尚文杰也喜欢你
下礼拜三杭州是不是没有风啊,东南风1级 风确实很小,行 那我就下周三下午从杭州去南京 帮我查一辆动车好吧,行 那我就下周三下午从杭州去南京 帮我查一辆动车好吧
我觉得你就是双子性格,射手,好像这个星座的人都挺聪明的,好像射手的人都挺聪明的
真的想港荣蒸蛋糕一样,好吃真的不错,什么味,港荣蒸蛋糕是什么味
啊崔永元不是周立波好朋友吗,是么,我最最喜欢的央视主持人了希望他好起来,我最最喜欢的央视主持人了希望崔永元好起来
你好 下周四我要去广州出差 帮我查下那天广州的天气吧,好的 稍等 给您查询到下周四广州的天气是多云 不会特别晒 挺好的,下周四广州温度怎么样呢,下周四广州温度怎么样呢
说粤语,教我粤语,怎么教,怎么教你粤语
那就行 周庄隐江南徐家民宿地址在哪了,他们家的地址在昆山周庄镇银子浜6号,周庄隐江南徐家民宿评分高吗,周庄隐江南徐家民宿评分高吗
你会打麻将么,可我不会打麻将,我教你,我教你打麻将
装修房子,我也会装修房子了,说说怎么装修,说说怎么装修房子
我下周要从北京坐飞机去南京办事 想先了解一下两个城市的天气情况 能先帮我查查下周一北京的紫外线强度么,是的 下周一北京紫外线显示强,下周一北京的天气怎么样 风大不大,下周一北京的天气怎么样 风大不大
邓伦公司疯了,公司疯了吧,为啥,邓伦公司为啥疯了
住宿安排好了还没吃饭 有没有偏贵一点的面点店可以推荐给我呢,芳芳法餐厅 每天十一点到晚上十点营业,帮我查查芳芳法餐厅出行方便吗 地铁能否直达,帮我查查芳芳法餐厅出行方便吗 地铁能否直达
复仇者联盟3看了吗,两部剧都看完了,看了几遍,复仇者联盟3看了几遍
这样啊 那我可得看看 你帮我查下闪灵的片长是多久啊,片长为144分钟,正合我意 闪灵具体是什么时间上映的呢,正合我意 闪灵具体是什么时间上映的呢
有个超级宠我的叔叔,坏叔叔超级好,我超喜欢他W,我超喜欢我的叔叔W
看在杨洋的分上原谅你,杨洋很聪明在春晚大舞台证明了自己的演技 老娘假唱能唱哭,他是我老公,杨洋是我老公
那四重奏的导演是谁呢,导演是土井裕泰,四重奏一共几集啊,四重奏一共几集啊
来吃包辣条我们聊点别的,辣条不健康,好吃不过容易上火,辣条好吃不过容易上火
D2294的票价多少,二等座637 0元,好的 D2294具体从深圳什么时间发车呢,好的 D2294具体从深圳什么时间发车呢
您好 我想找一部美国的高分的剧情片电视剧,推荐您看福尔摩斯新探案,福尔摩斯新探案的主演都有些谁,福尔摩斯新探案的主演都有些谁
我想要CPU型号是i5的笔记本电脑,要什么价格区间的呢,我的预算是10000到15000元,我的预算是10000到15000元
狐狸家手工酸奶酪人均消费如何,便宜 均下来一个人16,狐狸家手工酸奶酪人均消费是挺便宜的 有地铁直接过去吗,狐狸家手工酸奶酪人均消费是挺便宜的 有地铁直接过去吗
旁边的人拿了我的充电器,什么充电器啊,手机,旁边的人拿了我的手机充电器
刚放了个大假还这样啊盆友我看你是有节后综合症了吧,一直都不想上,这是病得治,节后综合症是病得治
木渎古镇电话是多少,电话是0512 66514042,木渎古镇门票价格是多钱,木渎古镇门票价格是多钱
苏逅咖啡 花园餐厅评分高不高,评分4 8,那苏逅咖啡 花园餐厅营业时间呢,那苏逅咖啡 花园餐厅营业时间呢
那霸王别姬的豆瓣评分是多少,这部电影的豆瓣评分真的是很高 是9 6呢,那你知道霸王别姬的主演名单吗,那你知道霸王别姬的主演名单吗
衡山在哪里呀,中国湖南衡阳市,离长沙市远吗,衡山离长沙市远吗
爱马仕有名吗,全新爱马仕丝绸包,多少钱,全新爱马仕丝绸包多少钱
你用电饭锅炒菜,见过用电饭锅涮火锅的么,没见过,没见过用电饭锅涮火锅的
你认识褚晨晨吗,想认识这姑娘,你找得到她吗,你找得到褚晨晨吗
好的 厦门紫外线强吗,当天很强哟 注意防护,好的 厦门风大吗,好的 厦门风大吗
你好 我想去苏州玩几天 预想是在吴边那边找一家三星级的酒店标准间 求推荐一下,为您推荐同里月上酒店,行 把同里月上酒店的电话告诉我 我提前订房,行 把同里月上酒店的电话告诉我 我提前订房
你好 我下周要出差 请你帮我查一下下周二上午北京到上海的高铁,推荐您乘坐G105 北京南 上海虹桥,G105旅途需要多长时间能够到达上海,G105旅途需要多长时间能够到达上海
您好 能帮忙推荐一部中国大陆的剧情片吗 评分高点的,您好 评分比较好的给您推荐 潜伏 这部电视剧吧,好的 请问潜伏的导演是谁,好的 请问潜伏的导演是谁
你好 我是外地来苏州度假的 你能帮我推荐一个吴中区附近2星级有大床房的酒店吗,为您推荐苏州城驿联号酒店吧,请问这个苏州城驿联号酒店的房费是多少呢,请问这个苏州城驿联号酒店的房费是多少呢
只是喜欢这个动漫人物罢了,巧了我最近也沉迷于二次元,只是这个人物很正能量,只是二次元人物很正能量
你好 我这几天在苏州度假 明天准备去狮子林玩 我想问一下这个地方的开放时间是多会儿,这个地方开放时间是07 30 17 30,我想问一下关于狮子林的评分是多少,我想问一下关于狮子林的评分是多少
你好 我下周日要去上海 当天温度怎么样,温度是最高温度18摄氏度 最低温度11摄氏度,哦哦 那下周日上海应该是个晴天了吧 是吗,哦哦 那下周日上海应该是个晴天了吧 是吗
杨幂,哎杨幂,她怎么了,杨幂怎么了
你看过命运石之门吗,几乎完美的世界线理论和萌物助手,你知道我喜欢里面哪个人物吗,你知道我喜欢命运石之门里哪个人物吗
哦哦你认识秋瓷炫吗,你要秋瓷炫的什么啊,你能给我他的什么啊,你能给我秋瓷炫的什么啊
上海滩十三太保的豆瓣评分不是太高呀 台湾的电视剧里 算是喜剧片的有啥好看的,那建议你看看 俗女养成记,俗女养成记又是谁主演啊,俗女养成记又是谁主演啊
我喜欢张越,快结婚吧,他不喜欢我,张越不喜欢我
强直性脊椎炎,强直性脊椎炎真的吗好痛呢,真的,真的是强直性脊椎炎
你好 我这几天要到吴中区公出 需要在那边找个酒店订个大床房 请帮我在那边推荐个价位中等的酒店好吗,您好 推荐您入住漫心苏州天平山酒店 那是环境很好的一家酒店,嗯 好的 请问漫心苏州天平山酒店停车场收费吗,嗯 好的 请问漫心苏州天平山酒店停车场收费吗
女生不理我怎么办,别难受了跟我说说吧可怜,想找她语音她说不方便,想找女生语音她说不方便
推荐个好玩的地方,南禅寺,远吗,南禅寺远吗
龙燕姐想邀请你去跳广场舞,哈哈哈来我们广场跳下,她在广场等你,龙燕姐在广场等你
也行 帮我查查羊关故人每天的啥时间营业,周一至周日都是上午十点到晚上十点,帮我查查羊关故人的地址呢 我可能从苏州海洋馆出来就去了,帮我查查羊关故人的地址呢 我可能从苏州海洋馆出来就去了
你好 我想买一辆汽油驱动的三厢车 20到30万的 麻烦你帮我推荐一款呗,好的 为您推荐迈腾330TSIDSG豪华型,迈腾330TSIDSG豪华型有座椅加热功能吗,迈腾330TSIDSG豪华型有座椅加热功能吗
帮我查查复仇者联盟4 终局之战的评分咋样,豆瓣网评分是8 5分,好的 复仇者联盟4 终局之战和终结者这两部电影我都有点兴趣 谢谢你啊 再见,好的 复仇者联盟4 终局之战和终结者这两部电影我都有点兴趣 谢谢你啊 再见
我想问关于王俊凯我还有机会吗,实力主唱王俊凯,他会喜欢我吗,王俊凯会喜欢我吗
人民的名义共有多少集,它是有52集的,那人民的名义的导演是谁 主演都有些谁,那人民的名义的导演是谁 主演都有些谁
你好 我是外地来苏州度假的 可以帮我找一个吴中区的4星级酒店吗,你好 按照您的要求给您推荐漫心苏州天平山酒店,漫心苏州天平山酒店的大床房的房费是多少,漫心苏州天平山酒店的大床房的房费是多少
我就要离开上海了,有相逢就有离别啊别太难过了,可能永远都不会再来这坐城市了,可能永远都不会再来上海了
超喜欢仙剑时期的胡歌,我喜欢现在的胡歌,真不觉得要说李逍遥时期的他我认同,真不觉得要说李逍遥时期的胡歌我认同
好的 有熟悉的演员 我就爱看,嗯嗯 大家都一样 喜欢看熟人演剧,那潜行狙击的导演是谁呢,那潜行狙击的导演是谁呢
你好 我从外地来苏州 我想去吴江找个好吃的快餐简餐餐厅 能帮我找找么,五芳斋就是一个不错的选择,五芳斋那里有地铁直达么,五芳斋那里有地铁直达么
是嘛 我的个神啊是谁导演的,这部电影的导演是拉吉库马尔 希拉尼,我的个神啊的豆瓣评分是多少啊,我的个神啊的豆瓣评分是多少啊
我在看这个杀手不太冷,这个杀手不太冷  这个译名真好,电影也很好看,这个杀手不太冷的电影也很好看
不如聊聊星座 话说你是什么星座哒,巨蟹,温柔暖男基本都是这个星座吧,温柔暖男基本都是巨蟹星座吧
李敏镐最新消息,没有李敏镐就没有今天的美好生活啊,他是韩国的,李敏镐是韩国的
比尔盖茨认识吗,比尔盖茨算是我见过智商最高的人类了,他长啥样,比尔盖茨长啥样
好的 能查询到深圳那边的天气情况吗,可以的 深圳下周五多云 最高温度是21度 最低温度15度,哦 跟杭州差不多呀 但是深圳比较晒吧,哦 跟杭州差不多呀 但是深圳比较晒吧
太好啦 我刚好想看看爱情电影 那东邪西毒是什么时间上映的啊,该影片是1994年9月17日在中国大陆上映的,嗯 上映时间确实不短了 那你知道东邪西毒的导演是谁吗,嗯 上映时间确实不短了 那你知道东邪西毒的导演是谁吗
那宝莱坞机器人之恋的片长是多久,它的片长是155分钟,宝莱坞机器人之恋的具体上映时间是什么时候,宝莱坞机器人之恋的具体上映时间是什么时候
你好 我下周三上午要从北京到成都玩几天 想坐高铁去 请问下周三有哪个车呀,你可以乘坐G571 北京西 成都东,那么G571二等座的票价是多少,那么G571二等座的票价是多少
你知道黎伟权吗,不知道,他是我孙子,黎伟权是我孙子
壁纸,壁纸是什么意思,是图片,壁纸是图片
是的你找萧敬腾去,萧雨神的歌声,随他歌声去吧,随萧敬腾歌声去吧
早安,嗯嗯早饭吃了嘛,吃了,吃早饭了
我住大床房就好 帮我查查苏州黎里水岸寒舍精品酒店的评分是多少啊,评分4 6分 值得保障,劳烦告诉我苏州黎里水岸寒舍精品酒店的具体地址在哪,劳烦告诉我苏州黎里水岸寒舍精品酒店的具体地址在哪
能帮我找找小王子这本书吗,小王子买了很久了还没看呢,给我看看吧,给我看看小王子吧
请问五芳斋是地铁直达的吗,非常抱歉 并不是地铁直达的,我还想问问五芳斋人均消费多少呢,我还想问问五芳斋人均消费多少呢
我今天早上起来有点不舒服 大家推荐要我去苏州市立医院 北区 看一下 我想问一下坐公交怎么去这家医院,您好 您可以乘坐7路 34路 44路 64路 85路 304路 315路 317路 318路 406路 415路 442路 522路 816路 921路 949路,这么多 那我什么时间到苏州市立医院 北区 可以看上门诊,这么多 那我什么时间到苏州市立医院 北区 可以看上门诊
网师园是否可以地铁直达呢,这个地方还真不是地铁直达,网师园的门票多少钱,网师园的门票多少钱
小萝莉的猴神大叔的豆瓣评分是多少,它的豆瓣评分是8 4分,确实是挺高的 那小萝莉的猴神大叔的片长是多久,确实是挺高的 那小萝莉的猴神大叔的片长是多久
宠物小精灵你看过没,我心目中唯一一部宠物小精灵,你喜欢哪只,你喜欢宠物小精灵里的哪只小精灵
什么零食好吃,戚风蛋糕好吃软软的绵绵的早餐必备,贵不贵,戚风蛋糕贵不贵
你好 我最近想换台电脑 预算在5000到10000左右 你帮我看下联想拯救者系列的呗 推荐一款,请稍等 这边为您推荐联想拯救者Y7000,联想拯救者Y7000的待机时长是多久呢 具体多少钱呀,联想拯救者Y7000的待机时长是多久呢 具体多少钱呀
苏州太湖国家湿地公园的评分咋样,4 5,我还想问一下苏州高新区附近有没有价位便宜的酒店 推荐一家,我还想问一下苏州高新区附近有没有价位便宜的酒店 推荐一家
你好 我要请朋友吃饭 帮我找一家中等价位的粤菜餐厅呗,您可以去臻品粤茶餐厅,行啊 臻品粤茶餐厅在哪里呢,行啊 臻品粤茶餐厅在哪里呢
你好 我第一次来苏州旅游 想在昆山找个好玩的地方 适合和朋友一起的 有好地方推荐吗,我觉得周庄古镇很适合你们去游玩 小桥流水 节奏缓慢 看看风景 放松身心,听着挺不错的 有周庄古镇电话号码吗 有没有地铁可以直接过去,听着挺不错的 有周庄古镇电话号码吗 有没有地铁可以直接过去
成都什么比较好吃,到成都来一定要吃的就是串串,哪家串串好,成都哪家串串好
我还想去吃好吃的 有没有便宜一点的面包甜点餐厅 你给推荐一下,好的 我推荐您去乐乐茶尝尝,乐乐茶的地址是哪里,乐乐茶的地址是哪里
这是AI么,不完全AI是谁,真的么能把他微信号给我么,真的么能把AI的微信号给我么
睡前可以喝杯牛奶哦,有时也喝,喝完就睡着了,喝完牛奶就睡着了
你好 我下周一下午要去成都出差 我是广州的 帮我查查有没有动车好吗,好的 您稍等 广州到成都动车信息为D1752 广州南 成都东,D1752有一等座吗,D1752有一等座吗
兄弟连是有多少集,它只有10集的,那兄弟连的豆瓣评分是多少,那兄弟连的豆瓣评分是多少
公司让我两周出差 我准备坐飞机去 请帮我推荐一个航班 下周五从成都到杭州的 要经济舱的舱位,您好 为您推荐四川航空3U8911 双流国际机场T1 萧山国际机场T3,四川航空3U8911的准点率怎么样,四川航空3U8911的准点率怎么样
你好 我打算下周一去广州出差 请帮我查一下从北京开往广州的航班,好哒 那么您想要经济舱还是公务舱,下周一从北京到广州的机票我想要经济舱,下周一从北京到广州的机票我想要经济舱
本科是浙江理工大学今年9月要去宁波大学读研究生了,宁波大学很好找工作的,为啥,为啥宁波大学很好找工作
好的 D3131要坐多久啊 我的腰不太好,7小时45分 不知道您是否满意,D3131啥时候从上海出发 啥时候到达厦门啊,D3131啥时候从上海出发 啥时候到达厦门啊
你心情不好吗,恩是的,为啥子呀,你为啥子心情不好呀
梁思佳,哟 梁思佳是谁呀,班长,梁思佳是班长
你好 我来苏州办事 想吃点东西 我想问一下有没有价位便宜的江浙菜餐厅推荐一下,帮您推荐外婆家 很不错,外婆家的地址在哪,外婆家的地址在哪
那昆山云都商务宾馆的标准间呢 一晚上是多少钱,标准间是116元,真挺便宜的 就选昆山云都商务宾馆了 地址发我吧,真挺便宜的 就选昆山云都商务宾馆了 地址发我吧
有的呢 我喜欢李瑞主演的中国大陆电视剧 麻烦再告诉我一下这部电视剧的剧名是什么,根据您指定演员为您推荐电视剧 快乐星球,豆瓣给快乐星球的评分是多少呀,豆瓣给快乐星球的评分是多少呀
你能进群吗,申请就能进,如何申请,如何申请进群
你知道许嵩嘛,许嵩是原创歌手,听过他的歌嘛,听过许嵩的歌嘛
我最近要出差 想查一下下周日下午从上海到厦门的动车 要二等座 帮我推荐一下好么,D3141 上海虹桥 厦门北 这班符合您的要求,好的 D3141什么时候到厦门呢,好的 D3141什么时候到厦门呢
哦 下周三上海温度多少,最高温度11摄氏度 最低温度5摄氏度,下周三上海紫外线照射强不,下周三上海紫外线照射强不
好人民间小吃的营业时间在什么时候,营业时间在周一至周日10 00 20 30,好人民间小吃的地址在什么地方,好人民间小吃的地址在什么地方
电视剧扶摇,纳尼,你没看过,你没看过扶摇
您好 我最近想买一台商用电脑 但是不知道选哪个 能帮我推荐一下吗,戴尔 DELL 成就3470 这款电脑不错,嗯 戴尔 DELL 成就3470多少钱啊 我的预算是5000到10000,嗯 戴尔 DELL 成就3470多少钱啊 我的预算是5000到10000
深圳温度多少呢,最高温度17摄氏度 最低温度7摄氏度,深圳风大不,深圳风大不
顺便问一下 下周五厦门是个什么天气,下周五厦门是个晴天,晴天正好适合旅游 那下周五厦门的温度呢,晴天正好适合旅游 那下周五厦门的温度呢
你好 我准备去网师园玩 想问一下门票价格是多少钱,帮您查到门票价格为40元,那网师园的地址在哪,那网师园的地址在哪
D3125的一等座是多少钱呢,一等座票价是1140元,那D3125的一等座可太贵了 那帮我查查二等座是多少钱呢,那D3125的一等座可太贵了 那帮我查查二等座是多少钱呢
秦时明月看过吗,支持不解释应为它叫秦时明月,你喜欢里面的那个人物,你喜欢秦时明月里面的那个人物
话说你平时喜欢听电台节目不,不喜欢,那个帅,电台节目帅
你知道隆美尔怎么死的吗, 隆美尔,他是怎么死的,隆美尔是怎么死的
洪崖滴翠有什么好玩的,说到洪崖滴翠就想到鹅岭公园毕竟都在重庆很方便的,这俩地方咋去啊,洪崖滴翠和鹅岭公园咋去啊
你好 我明天要到苏州吴江去出差 你能推荐我一家中等价位的有标准间房型的酒店吗 最好在吴江附近,这边为您推荐同里月上酒店 符合您的要求,能帮我看看这家同里月上酒店的评分是多少吗,能帮我看看这家同里月上酒店的评分是多少吗
你好 你能帮我找部70年代的爱情片吗 最好是美国制作的电影,你好 洛奇这部电影就是70年代的美国爱情片 一部评价很不错的老片子,帮我查查洛奇的导演是谁,帮我查查洛奇的导演是谁
我是说你看镇魂了吗,必须滴地球人都要看,不是网剧吗,镇魂不是网剧吗
那还好 可以接受 那再帮我看看下周日杭州到北京的航班吧 也要经济舱,也有 推荐您选择东方航空MU5457 萧山国际机场T3 首都国际机场T2,那东方航空MU5457票价是多少 我想两个比较一下,那东方航空MU5457票价是多少 我想两个比较一下
给你介绍我的女朋友吧,不要给我介绍朋友,她可可爱啦,我的女朋友可可爱啦
你好 我下周四要从广州到厦门去看望妈妈 我想坐经济舱的飞机 看看下周四有哪个航班呗,您可以乘坐南方航空CZ3741 白云国际机场T2 高崎国际机场T3,好的 CZ3741经济舱票价多少,好的 CZ3741经济舱票价多少
你好 我平时很喜欢看电影 尤其喜欢喜剧片 想找一部近些年印度最好看的喜剧片来看 请问有好的推荐吗,好的 印度近些年最好看的喜剧片当属这部 三傻大闹宝莱坞  相信你一定很喜欢,三傻大闹宝莱坞在豆瓣的评分有多少呢,三傻大闹宝莱坞在豆瓣的评分有多少呢
抚顺,抚顺今天的天气是多云转晴零下13度到1度西南风3级,现在是夏天吗,抚顺现在是夏天吗
你好 我下周去南京旅游 请你帮我查一下下周四上午厦门到南京的高铁,推荐您乘坐G1676 厦门 南京南,G1676到达南京的时间是几点啊,G1676到达南京的时间是几点啊
你好 周末想找部电影看看 你帮我推荐一部中国香港的电影吧 喜欢喜剧片,好的 为您找到人间喜剧,人间喜剧的导演是谁啊,人间喜剧的导演是谁啊
惠普的战99ProG1MT型号硬盘容量有多大 是什么操作系统的呢,硬盘同样是256GBSSD 1TBHDD Windows10的操作系统,惠普的战99ProG1MT型号价位在多少钱,惠普的战99ProG1MT型号价位在多少钱
老人与海是什么,1951年  完成 老人与海,作者是谁,老人与海的作者是谁
蔡少芬,好吧蔡少芬身高,她是张晋老婆,蔡少芬是张晋老婆
我感觉还是你以前头像好看,难道我现在的头像不好看吗,Concerned感觉太不真实了,Concerned现在的头像看着太不真实了
谢谢你帮我找 嗯 最好找一家偏贵一点的餐厅,这家餐厅就是偏贵的,伴园私房菜的推荐菜是什么,伴园私房菜的推荐菜是什么
我听朋友说松鹤楼这个餐厅还不错 你能给我查询一下这家的人均消费吗,人均消费150元,那松鹤楼的地址在哪里呢,那松鹤楼的地址在哪里呢
呃你平时听什么歌啊,给我来一首王菲的传奇,这首歌简直就是为红楼梦中娇杏量身定做啊惊恐,传奇简直就是为红楼梦中娇杏量身定做啊惊恐
澳大利亚是发达国家吗,我并不擅长这类型的问题你找其他擅长的人聊聊呗,是南美洲的吗,澳大利亚是南美洲的吗
喜欢猫,我也喜欢猫,嗯挺想养只的,嗯挺想养只猫的
我下周要去北京出差 能帮我查查下周北京的天气吗,您要查询下周几的天气状况呀,帮我查一下下周四北京的天气,帮我查一下下周四北京的天气
我听说采芝斋餐厅不错 请问营业时间是什么,周一至周日08 30 21 30,采芝斋地铁直达吗,采芝斋地铁直达吗
感觉喜欢甜食的人真的不能错过呢,我喜欢甜点,咱们一起看看这个吧,咱们一起看看甜点吧
好的 迈腾330TSIDSG豪华型有定速巡航功能吗,有定速巡航功能的 亲,迈腾330TSIDSG豪华型倒车影像功能呢,迈腾330TSIDSG豪华型倒车影像功能呢
边伯贤,边伯贤是我的谁,你哥哥,边伯贤是你哥哥
您好 我想咨询一下常规笔记本电脑,好的 您想咨询什么价位的,我心仪的常规笔记本电脑价格区间是5000到10000元,我心仪的常规笔记本电脑价格区间是5000到10000元
曼谷有点,去曼谷一定要看金山寺还有四面佛才不虚此行啊,这两个地方怎么去,曼谷的金山寺和四面佛怎么去
请问锦溪古镇有什么特点 可以简单给我介绍一下吗,这个景点位于昆山南郊的淀山湖畔 是一座有千年历史的江南水乡,好的 锦溪古镇的具体地址能给我提供一下吗,好的 锦溪古镇的具体地址能给我提供一下吗
牛魔王,牛魔王手机不好用,还有这个牌子的手机,还有牛魔王的手机
不知道速8酒店的评分够不够高呢,他家的评分是4 5分 不低的,行 是不低 挺好的 最后再帮我查下速8酒店的电话 我还有一些事情想咨询下速8酒店,行 是不低 挺好的 最后再帮我查下速8酒店的电话 我还有一些事情想咨询下速8酒店
我还听说北疆饭店这家餐厅口碑不错 帮我查一下这家店的人均消费是多少钱呢,北疆饭店人均消费67元,北疆饭店的推荐菜是什么呢,北疆饭店的推荐菜是什么呢
好的 麻烦在推荐一部悬疑片,好的 推荐您看四重奏,四重奏的豆瓣评分是多少,四重奏的豆瓣评分是多少
你知道李迪吗,是的,他是谁,李迪是谁
这首简歌直不要太经典,你相信命运吗,它一直在我的播放列表里隔段时间就要听听,你相信命运吗一直在我的播放列表里隔段时间就要听听
你头像是谁,我的头像当然是我啦,是你的工作照吗,你头像是你的工作照吗
相声郭德纲,比较喜欢郭德纲的相声,放相声,放郭德纲的相声
不想出国国内有什么好地方推荐,云南昆明丽江大理海南哪里也错,这些地方有好吃的吗,云南昆明丽江大理海南有好吃的吗
再看看下周日广州什么天气呀,是多云的天气哟,广州风大不呢,广州风大不呢
你知道五年中考三年模拟吗,哈哈 话说还有高考题库好吗,作者是谁,五年中考三年模拟作者是谁
那小杨生煎评分怎么样,评分是4 5分,对了 小杨生煎什么时间营业,对了 小杨生煎什么时间营业
那PM4P44031A这个辅导班的开始日期是什么时候呢 还有校区在哪里呢,校区是新区金河大厦 开始日期是2020年4月19,我想问PM4P44031A的讲课老师是谁呢 有没有名气呀 还有上课时间是几点呢,我想问PM4P44031A的讲课老师是谁呢 有没有名气呀 还有上课时间是几点呢
我做火腿给你吃,最爱吃的火腿肠满意,好不好吃,火腿好不好吃
您好 我想看部中国香港的电影 请问有什么好的给我推荐一下呗,搜索的结果有很多 真不知道为您推荐哪个比较适合 请问您喜欢什么类型的呢,我想看部中国香港科幻片电影就行 麻烦您告诉我一下影片名称好吗,我想看部中国香港科幻片电影就行 麻烦您告诉我一下影片名称好吗
宏碁 Acer 商祺SQX4270660N是什么色系,它的色系未明确说明,宏碁 Acer 商祺SQX4270660N的价格多少,宏碁 Acer 商祺SQX4270660N的价格多少
你觉得龙族怎么样,龙族有几部,五部,龙族有五部
竹林七贤都是谁,竹林七贤都是谁,他们是魏晋玄学不是真正的道家思想,竹林七贤是魏晋玄学不是真正的道家思想
嗯嗯 在高新区有没有川菜馆 价位中等的就行,为您查到巴蜀传香是一家中等价位的川菜馆,好的 能告诉我巴蜀传香有啥推荐菜吗,好的 能告诉我巴蜀传香有啥推荐菜吗
东方航空MU2882的到达时间是,次日零点十五分抵达,东方航空MU2882的准点率高吗,东方航空MU2882的准点率高吗
