history1,history2,question,rewrite,model_output,accuracy,semantic_related
知道不世界篮球水平最高的联赛就是NBA,不,我也不打,我也不打篮球,我也不打NBA,,0
我的膝盖还在恢复中不能爬山,怎么回事还好吗,好多了不过还没全好,我的膝盖好多了不过还没全好,好多了不过还没全好,,0
我打算帮我家孩子找个辅导班 他成绩不错还想有一些拓展 你推荐个语文的辅导班呗,那您家孩子正在上几年级,我家孩子正在上四年级,我家孩子正在上四年级,语文辅导班推荐，针对四年级学生，成绩不错且需要拓展,,0
你有几个男朋友呢,你要帮我介绍嘛害羞,可以,可以帮你介绍,可以帮我介绍男朋友吗,,0
LOL游戏定理话越多的越菜,是这样的吗,我怎么觉得这是老版的,我怎么觉得LOL是老版的,我怎么觉得LOL游戏定理话越多的越菜这是老版的,,0
郑斯文是谁,你连自己是谁都不知道了嘛抓狂,我女朋友,我女朋友是郑斯文,郑斯文是谁的女朋友,,0
打狗棍是怎么变成灵魂摆渡的,灵魂摆渡好看吗,因为娘娘编剧才去看的大陆剧里确实算不错的了,因为娘娘编剧才去看的灵魂摆渡大陆剧里确实算不错的了,因为娘娘编剧的打狗棍在大陆剧中确实算不错的了,,0
张艺兴,其实越来越喜欢张艺兴了哈哈,喜欢,喜欢张艺兴,张艺兴喜欢,,0
约克大学,今年去约克吗,在这呆半天了,在约克呆半天了,约克大学在这呆半天了,,0
挪威,如果你想去挪威的话推荐你去看看莲花峰台山列岛也不错,有图片吗,有挪威的图片吗,莲花峰台山列岛有图片吗,,0
女孩子霸道不好,女人天生就是用来宠的,那就不能霸道,女孩子就不能霸道,女孩子霸道不好就不能霸道,,0
我是大哥大这部剧最近超火,在哪里看的,陪你看吧,陪你看我是大哥大吧,大哥大这部剧在哪里看,,0
景德镇有哪几所大学啊,景德镇有景德镇陶瓷学院景德镇学院,那我怎么还听说有工艺美院呢,那我怎么还听说景德镇有工艺美院呢,景德镇工艺美院是哪所大学吗,,0
把我的羊还给我,请你还给人家,我这就还给你,我这就把羊还给你,把我的羊还给你,,0
新加坡,新加坡今天的天气是暴雨24度到28度东南风小于3级,你骗我 今天没有下大雨啊,你骗我 新加坡今天没有下大雨啊,新加坡今天的天气是暴雨24度到28度东南风小于3级吗,,0
萧忆情是谁阿,一个很优秀的人,把自己也变得优秀 好好的爱自己关心他 那样的爱才持久,把自己也变得优秀 好好的爱自己关心萧忆情 那样的爱才持久,萧忆情应该怎样做才能让自己变得优秀，并好好爱自己、关心自己，从而让那样的爱变得持久？,,0
我家孩子小学 总体成绩在班级中游 但是英语是他的弱项 我打算给我家孩子报个英语辅导班 你帮我推荐一个嘛,那您家孩子正在上几年级,我家孩子上六年级了 马上小升初了,我家孩子上六年级了 马上小升初了,六年级孩子小升初英语辅导班推荐,,0
巧克力,巧克力是什么,糖,巧克力是糖,巧克力的糖分含量是多少,,0
对了最近有没有好看的电影推荐啊,僵尸好看吗,不是电影是游戏啊,僵尸不是电影是游戏啊,最近有没有好看的电影推荐啊不是电影是游戏啊,,0
那你知道生活大爆炸第十二季的豆瓣评分吗,这部剧的豆瓣评分可是非常高的 是9 6呢,生活大爆炸第十二季评分真的是很高 估计生活大爆炸第十二季会很好看,生活大爆炸第十二季评分真的是很高 估计生活大爆炸第十二季会很好看,生活大爆炸第十二季豆瓣评分很高吗,,0
你不是懂体育吗,体育不只是体育,那是什么,体育是什么,那体育不只是体育是什么,,0
我想去春天景色美的地方,离太阳最近的地方好美,你能推荐一下吗,你能推荐一下春天景色美的地方吗,你能推荐一下离太阳最近的地方吗,,0
刺杀骑士团长这本书怎么样,作者是谁,村上春树,刺杀骑士团长的作者是村上春树,刺杀骑士团长这本书的作者是谁,,0
小微巩义有什么好玩的呢,欢乐谷比较有名新建的哦,在哪里,欢乐谷在哪里,欢乐谷在巩义的哪里,,0
嗯 那下周三广州风沙大不大,不大 就是小微风 呵呵,好的 下周三广州户外紫外线强吗,好的 下周三广州户外紫外线强吗,下下周三广州户外紫外线强吗,,0
江门有什么好玩的呀,江门在哪,在阳江,江门在阳江,在阳江有什么好玩的吗,,0
章鱼 是色盲,章鱼的血是什么颜色,蓝色我要满意,章鱼的血是蓝色的我要满意,章鱼的血是蓝色的吗,,0
济南下雨了,比冷的城市么,是我在的城市,济南是我在的城市,济南下雨了是我在的城市,,0
我不喜欢全职高手,很有意思的小说啊如果错过还蛮可惜的,小说很有意思不代表我就要喜欢吧,全职高手很有意思不代表我就要喜欢吧,小说很有意思不代表我就要喜欢全职高手,,0
跟我男朋友闹别扭了,咋了这脾气也太火暴了,因为今天吃完饭他就要回宿舍,因为今天吃完饭我男朋友就要回宿舍,因为今天吃完饭他就要回宿舍，所以跟我男朋友闹别扭了,,0
初音未来的有好多人听呢,就是那个岛国妹纸吗,是的她还可以唱中文,是的初音未来还可以唱中文,初音未来的中文歌曲有哪些,,0
眼里有银河,银河是什么样子,繁星满天,银河里繁星满天,繁星满天是什么样子,,0
这么便宜 再看看CA4592下周六从上海到成都公务舱多少钱,公务舱1280元,好的 CA4592下周六从上海到成都具体起飞和到达时间是几点 我朋友要去接我 我提前告诉他一下,好的 CA4592下周六从上海到成都具体起飞和到达时间是几点 我朋友要去接我 我提前告诉他一下,CA4592下周六从上海到成都公务舱的具体起飞和到达时间是几点,,0
你看过知否吗,是电影吗,赵丽颖的新剧,知否是赵丽颖的新剧,赵丽颖的新剧是什么,,0
你有偶像吗,那可太多了哦,是谁,你偶像是谁,你有偶像吗是谁,,0
六安去哪玩,去大梅沙,在哪,大梅沙在哪,六安去大梅沙玩在哪,,0
你好 我下周一下午要从上海到北京去 您能给推荐一个高铁吗,给您推荐这个G14 上海虹桥 北京南,G14什么时候到达北京呢,G14什么时候到达北京呢,G14什么时候到达北京南,,0
最近什么动漫火,看过灌篮高手吗,太老了,灌篮高手太老了,最近什么动漫火 太老了,,0
看知否知否应是绿肥红瘦,谁演的,赵丽颖的新作,知否知否应是绿肥红瘦是赵丽颖的新作,赵丽颖的新作是什么,,0
火腿肠配上方便面晚上肚子饿的时候必备,吃泡面会死人吗,第一次吃这个,第一次吃泡面,第一次吃火腿肠配上方便面会死人吗,,0
我要kiss,Kiss是什么,亲吻,Kiss是亲吻,亲吻是什么,,0
吴丞熙我喜欢你,我也是亲亲,你不能和我抢他,你不能和我抢吴丞熙,吴丞熙你不能和我抢他,,0
话说你喜欢吃火锅么,说了你就请我吃吗,嗯请你吃,嗯请你吃火锅,嗯请我吃火锅,,0
棒棒糖啊,我要吃巧克力,看起来好好吃的样子,巧克力看起来好好吃的样子,看起来棒棒糖好好吃的样子,,0
作为心理罪的原著粉尚可接受反正比他来了请闭嘴改的好,他来了请闭眼,原著的故事掩盖了电视剧数不清的bug和演员浮夸的演技,原著的他来了请闭眼故事掩盖了电视剧数不清的bug和演员浮夸的演技,原著心理罪的故事掩盖了电视剧数不清的bug和演员浮夸的演技,,0
你好 我想买一辆主要用途是越野的两厢车 一般是3个人坐 你能推荐我一款吗,您对价格区间有什么要求吗,我想买一辆两厢车 预算空间在小于15万吧,我想买一辆两厢车 预算空间在小于15万吧,我想买一辆主要用于越野的两厢车，一般3人乘坐，预算在15万以内,,0
我是白敬亭的太太,我爱白敬亭,他是我老公,白敬亭是我老公,白敬亭是老婆老公,,0
