history1,history2,question,rewrite,model_output,accuracy
迪士尼哈哈,不知道,香港的,香港的迪士尼,香港的迪士尼乐园,
卡特和妖姬哪个厉害,卡特吧,我也觉得,我也觉得卡特厉害,我也觉得卡特厉害,
吃菜园小饼,不是一饼,么么哒真好吃,么么哒菜园小饼真好吃,菜园小饼么么哒真好吃,
行 听说石路步行街是苏州有名的景点 请问具体地址在哪儿,苏州市金阊区石路步行街,石路步行街门票多少钱,石路步行街门票多少钱,石路步行街门票多少钱,
麻烦你告诉黄炤焯,麻烦你告诉我下好嘛,我很想他,我很想黄炤焯,我很想黄炤焯,
梦幻花园你玩过吗,梦幻花园,好玩吧,梦幻花园好玩吧,梦幻花园好玩吧,
你好 我下周要去深圳出差 帮我查一下下周五杭州到深圳的航班,您可以乘坐海南航空HU7394 萧山国际机场T3 宝安国际机场T3,我晚上还有个会议参加 海南航空HU7394几点能够到达深圳啊,我晚上还有个会议参加 海南航空HU7394几点能够到达深圳啊,海南航空HU7394航班几点到达深圳,
你好 我想找一些好看的影视剧 你帮我找一部2010年代的美国电影吧 爱情片的,好的 为您找到怦然心动,怦然心动是什么时间上映的 主演名单里都有谁,怦然心动是什么时间上映的 主演名单里都有谁,怦然心动是什么时间上映的 主演名单里都有谁,
哦哦 好吧 那苏州太湖国家湿地公园附近有啥好吃的餐馆吗 家里人比较喜欢韩国料理,还真有的 但是就只有一家韩国料理,这家韩国料理叫啥 评分咋样,这家韩国料理叫啥 评分咋样,苏州太湖国家湿地公园附近的那家韩国料理叫啥名字，评分怎么样,
除此之外呢,哈尔滨众多沿江公园之一也是哈尔滨人傍晚休闲的最佳地点之一,还有其他地方嘛,哈尔滨还有其他地方嘛,哈尔滨除了沿江公园之外还有其他地方吗,
我想吃麻辣烫,挺不错的呀赶紧行动起来,你陪我一起吃嘛,你陪我一起吃麻辣烫嘛,我想吃麻辣烫你陪我一起吃嘛,
噬罪者多少集啊,13集电视连续剧 片长50分钟,噬罪者豆瓣评分怎么样,噬罪者豆瓣评分怎么样,噬罪者豆瓣评分怎么样,
山塘街的评分怎样,山塘街的评分为4 5分,山塘街的地址在什么地方,山塘街的地址在什么地方,山塘街的地址在什么地方,
下周三北京天气怎么样,是晴转多云的天气,下周三北京适合穿什么衣服的温度呢,下周三北京适合穿什么衣服的温度呢,下周三北京的天气适合穿什么衣服以及温度是多少,
你觉得薛之谦渣吗,认真的薛之谦认真的做音乐,他有很多黑料诶,薛之谦有很多黑料诶,薛之谦有很多黑料诶,
你好 我下周五上午要从厦门出差到北京 我想坐二等座的高铁 请问有哪个车次,您可以乘坐G322 厦门北 北京南,G322厦门到北京的二等座的票价多少,G322厦门到北京的二等座的票价多少,G322厦门北到北京南的二等座票价多少,
有没有好吃的地方啊 给我找一个面包甜点店啊 价位在偏贵的就行,为你推荐芳芳法餐厅 凡是去过的人都说好呢,芳芳法餐厅人均消费是多少 在什么位置上,芳芳法餐厅人均消费是多少 在什么位置上,芳芳法餐厅人均消费是多少 在什么位置上,
帮我查查下周二杭州出发去广州的高铁二等座就可以,这边推荐你 G99 杭州东 广州南,那G99的到达广州的时间是什么时候呢 还有二等座票价多少钱,那G99的到达广州的时间是什么时候呢 还有二等座票价多少钱,G99杭州东到广州南的到达时间是什么时候，二等座票价多少钱,
错哈哈我是处女座,哇哦原来你和范小微是一个星座的,你怎么看这个星座,你怎么看处女座,你怎么看处女座,
我家孩子现在在上小学六年级 马上小升初了 想给他找一个辅导班提升一下成绩 你有什么推荐吗,那您准备为您家孩子报哪个科目的辅导班呢,我打算给孩子报名小升初的英语辅导班,我打算给孩子报名小升初的英语辅导班,我打算给孩子报名小学六年级小升初的英语辅导班,
修理厂导航下,在斯柯达4s店,发导航定位给我,发斯柯达4s店的导航定位给我,修理厂导航定位发给我,
云南省红河州屏边县,云南是吗,是云南省的,红河州屏边县是云南省的,云南省红河州屏边县是云南省的,
你好像很喜欢看童话镇对不,是听童话镇,你有看这个电视剧吗,你有看童话镇吗,你有看童话镇这个电视剧吗,
毒枭豆瓣评分多少,豆瓣评分9 3分 也很高的,毒枭豆瓣评分这么高呀 再帮我找个香港的动作电影吧,毒枭豆瓣评分这么高呀 再帮我找个香港的动作电影吧,毒枭豆瓣评分9.3分这么高呀 再帮我找个香港的动作电影吧,
跟你说啊咱们这个年纪该开始养生了,怎么养生,赶早不赶晚没错的,养生赶早不赶晚没错的,养生要赶早不赶晚没错的,
你认识海宝吗,认识啊同班的,他不认识你,海宝不认识你,海宝不认识你,
你好 我要来苏州办事 顺便逛逛景点 我想问问有没有消费便宜的学校校园,苏州大学很符合您的要求,苏州大学有什么特点吗,苏州大学有什么特点吗,苏州大学有什么特点吗,
赵丽颖啊,有时候从一个人的偶像就能看出这个人的品行,她品行很好呀,赵丽颖品行很好呀,赵丽颖品行很好呀,
你吃早餐了吗,没钱吃早餐,我请你吃,我请你吃早餐,我请你吃早餐,
这儿能地铁直达吗 我想找个能地铁直达的地 因为我没开车,可以的 这个地方交通很方便的,诚品书店有什么特点吗,诚品书店有什么特点吗,诚品书店有什么特点吗,
你上次用的挂画真好看这附近有卖的吗,有卖的哦亲,可以告诉我在哪里吗,可以告诉我在哪里有卖挂画的吗,可以告诉我在哪里买上次用的挂画,
杨超越很可爱啊,杨超越挺懂得扬长避短的幽默感也不错,我喜欢她,我喜欢杨超越,我喜欢杨超越,
我想要大床房,好哒 帮您推荐苏州新城花园丽呈华廷酒店这一家,苏州新城花园丽呈华廷酒店的评分咋样,苏州新城花园丽呈华廷酒店的评分咋样,苏州新城花园丽呈华廷酒店的评分咋样,
不知道周庄多瓦台临河客栈的评分能不能让我满意呢,应该不会让你失望 评分是4 8分,评分4 8我很满意 周庄多瓦台临河客栈的停车场对外开放吗,评分4 8我很满意 周庄多瓦台临河客栈的停车场对外开放吗,周庄多瓦台临河客栈的停车场对外开放吗,
罗猪,罗猪是哪个,我同学,罗猪是我同学,罗猪是我同学,
我还想品尝一下美食 不知道有没有便宜点的面包甜点餐厅 帮我推荐一下,我建议您可以去乐乐茶 品尝一下美食,乐乐茶的评分是多少 人均消费又是多少呢,乐乐茶的评分是多少 人均消费又是多少呢,乐乐茶的评分是多少 人均消费又是多少呢,
下周二厦门去广州南方航空CZ5111几点出发呢,当天08 40出发,另外 我还想问一下有没有下周日厦门去广州的航班,另外 我还想问一下有没有下周日厦门去广州的航班,下周日厦门去广州的航班,
uzi怎么了,游戏打不过去,他输了,uzi输了,uzi输了,
我下周要去一次厦门 有没有下周六下午从广州到厦门的动车 帮我推荐一个吧,好的 为您查询了一下 建议您乘坐D2381 广州东 厦门,可以 D2381的一等座票价是多少,可以 D2381的一等座票价是多少,D2381一等座票价是多少,
你知道遮天吗,世界观铺的有点大涉及到整个宇宙什么的但是真的好看,作者是谁,遮天的作者是谁,遮天的作者是谁,
啊 73元挺合理的 不知道付小姐在成都有直达的地铁吗,不好意思 这里不通地铁哟,啊 不通地铁个不是最重要的 我就是随便问一下,啊 不通地铁个不是最重要的 我就是随便问一下,啊 不通地铁不是最重要的 我就是随便问一下,
好的 再帮我在苏州找一个适合商务出行 偏贵一些的酒店吧 带标准间的,为您推荐苏州黎里水岸寒舍精品酒店,苏州黎里水岸寒舍精品酒店标准间的房费多少 有停车场吗,苏州黎里水岸寒舍精品酒店标准间的房费多少 有停车场吗,苏州黎里水岸寒舍精品酒店标准间的房费多少 有停车场吗,
吃过煎饼鲱鱼罐头,特别的味道,什么味道,煎饼鲱鱼罐头是什么味道,煎饼鲱鱼罐头是什么味道,
公孙瓒认识不,你觉得我会怎么说,你知道他吗,你知道公孙瓒吗,你知道公孙瓒吗,
嗯嗯 你说的也对 我听说重庆德庄火锅直营店特别好吃 是吗,嗯嗯 这家火锅特别正宗,那帮我查查重庆德庄火锅直营店的评分是多少啊,那帮我查查重庆德庄火锅直营店的评分是多少啊,重庆德庄火锅直营店的评分是多少,
张云雷,张云雷是谁阿,我的偶像,张云雷是我的偶像,张云雷是我的偶像,
我听说熬八年火锅这家餐厅口碑不错 我想知道熬八年火锅有什么推荐菜,他们家的推荐菜是手工虾滑,熬八年火锅有没有地铁可以直达,熬八年火锅有没有地铁可以直达,熬八年火锅有没有地铁可以直达,
你好 我要去公司出差 顺便逛一逛 我想去苏州园林 消费最好是中等的 帮我找一个景点,拙政园这个就可以,拙政园的门票价格是多少,拙政园的门票价格是多少,拙政园的门票价格是多少,
G90几点到北京西站,到的比较晚 当天晚上22 52,嗯 G90到站晚了点 那下周三北京的天儿好么,嗯 G90到站晚了点 那下周三北京的天儿好么,嗯G90到站晚了点 那下周三北京的天气好么,
那上弦月怎么识别,你会识别么,我是不太会,我是不太会识别上弦月,上弦月怎么识别,
全职高手,叶修各种主角光环却不让人觉得讨厌,因为他荣耀玩的是真心好,因为叶修荣耀玩的是真心好,因为叶修在荣耀中玩得真心好,
你好 我准备买一辆探影 如果有多个配置我选择低配 你能推荐我一款吗,这边为您推荐探影自动悦吧,探影自动悦吧这款车的价格是多少呢,探影自动悦吧这款车的价格是多少呢,探影自动悦吧这款车的价格是多少呢,
汉城韩国料理电话号码是多少,电话号码是139 1359 2929,我觉得汉城韩国料理还不错 谢谢,我觉得汉城韩国料理还不错 谢谢,汉城韩国料理还不错 谢谢,
有男票吗,会有的,我会有吗,我会有男票吗,我会有男票吗,
我是大哥大这部剧最近超火,在哪里看的,陪你看吧,陪你看我是大哥大吧,在哪里看的陪你看吧,
RedmiBook14增强版是什么类型的显卡,采用的是独立显卡,RedmiBook14增强版是什么色系的,RedmiBook14增强版是什么色系的,RedmiBook14增强版是什么色系的,
有什么电影啊,推荐生活万岁看哭了哭的稀里哗啦,好谢谢我去看看,好谢谢我去看看生活万岁,好谢谢我去看看生活万岁,
您好 我想找一部2000年代的喜剧片 比较倾向于中国香港的电影,好的 推荐您看功夫,功夫的具体上映时间是什么时候,功夫的具体上映时间是什么时候,功夫的具体上映时间是什么时候,
人活起的意义是什么,人活着的意义就是在去追求你心中的理想,没理想,我心中没理想,没理想的人活着的意义是什么,
你认识张影吗,不认识漂亮吗,不漂亮特别丑,张影不漂亮特别丑,张影不漂亮特别丑,
听说过一点永山耕三的事迹 还是比较有名的 悠长假期的豆瓣评分是几分呀,豆瓣评分是9 2分 相当高了,是啊 悠长假期的豆瓣评分高的有点出奇呀 看来一定很好看呢,是啊 悠长假期的豆瓣评分高的有点出奇呀 看来一定很好看呢,悠长假期的豆瓣评分高的有点出奇呀 看来一定很好看呢,
你知道青大附中什么时候开学吗,一大波小鲜肉正在向我靠近坏笑,好像是九月一号报道,好像青大附中是九月一号报道,青大附中好像是九月一号报道,
陌陌,陌陌卸了,为什么卸,为什么卸陌陌,为什么陌陌要卸,
那你知道EVA的导演是谁不,不就是那个谁咯庵野秀明,他还执导过什么作品,庵野秀明还执导过什么作品,庵野秀明还执导过什么作品,
好的到达时间是次日09 56 那下周四厦门的温度是多少呢,最高温度20摄氏度 最低温度12摄氏度 可以适当做下防晒呦,那下周四厦门天气怎么样呢,那下周四厦门天气怎么样呢,下周四厦门的天气情况如何,
喂 你好 打听一下 在高新区哪个景点比较适合家庭亲子出游 请你给我推荐一个,你好 那要数苏州太湖国家湿地公园了 那可是传说中的人间天堂,那么好啊 苏州太湖国家湿地公园的地址在哪啊,那么好啊 苏州太湖国家湿地公园的地址在哪啊,苏州太湖国家湿地公园的地址在哪啊,
苏州乐园森林水世这个地方门票多钱啦,门票是198元,苏州乐园森林水世是否能地铁直达了 我们没有车,苏州乐园森林水世是否能地铁直达了 我们没有车,苏州乐园森林水世界是否能地铁直达 我们没有车,
你知道霉霉吗,泰勒我女神,你喜欢她哪首歌,你喜欢霉霉哪首歌,你喜欢霉霉哪首歌,
诚品书店的评分如何,评分4 7,诚品书店几点开放,诚品书店几点开放,诚品书店几点开放,
真心不错 那D933的具体是啥时出发呢 我想出发前去买点水果在车上吃,具体的出发时间是当天19 24,嗯呢 那D933啥时到达目的地呢 我看需要在火车站附近预定酒店吗,嗯呢 那D933啥时到达目的地呢 我看需要在火车站附近预定酒店吗,嗯呢 那D933列车啥时到达目的地呢 我看需要在火车站附近预定酒店吗,
西湖音乐喷泉吧这地方很不错的要去瞅瞅,杭州哪里好玩,河坊街吧这地方很不错的要去瞅瞅,杭州河坊街吧这地方很不错的要去瞅瞅,河坊街这地方很不错的要去瞅瞅,
王珞丹是谁,王珞丹 别毁了帅哥啊1,她关60分及格什么事,王珞丹关60分及格什么事,王珞丹关60分及格什么事,
要是停车在苏州太湖万豪酒店里的话 有额外的停车费吗,这个是没有的 这里停车免费的呢,好 感觉还可以 那好一点的景区呢 吴中区游客最多的水乡古镇是哪啊,好 感觉还可以 那好一点的景区呢 吴中区游客最多的水乡古镇是哪啊,好 感觉还可以 那吴中区游客最多的水乡古镇是哪啊,
还学舞蹈,我也想学爵士,你学不会,你学不会爵士,你学不会爵士,
您好 我想咨询一下 下个星期四 厦门那边是啥天气,很幸运 下个星期四厦门是个大晴天,这么好啊 正合我意 下个星期四厦门紫外线强度咋样,这么好啊 正合我意 下个星期四厦门紫外线强度咋样,这么好啊 正合我意 下个星期四厦门紫外线强度咋样,
我想我媳妇儿了,媳妇想你我爱你,她今天问我要不要结婚,我媳妇儿今天问我要不要结婚,我媳妇儿今天问我要不要结婚,
我和室友关系不好,原因比较简单吧性格不合生活习惯不同你说都读高校了也就是大学了让别人改变和让自己改变都不太容易但毕竟就你一个人不合群尝试改变一下自己吧,我也尝试和她们玩,我也尝试和室友玩,我也尝试和室友玩,
酸菜鱼,是啊,还不错鱼肉我吃的最多,酸菜鱼还不错鱼肉我吃的最多,酸菜鱼的鱼肉我吃的最多,
周庄隐江南徐家民宿评分怎么样,评分是4 9分,评分还挺高的 谢谢你 再见,评分还挺高的 谢谢你 再见,周庄隐江南徐家民宿评分还挺高的 谢谢你 再见,
不是在涠洲岛,涠洲岛在北海,那里还有个火山,涠洲岛还有个火山,涠洲岛还有个火山,
你好 我的朋友托我帮买台价格在5000 10000元之间的游戏本电脑 请帮忙做个推荐好吗,好的 可供选择的有挺多 对电脑的内存有什么要求吗,电脑内存要求是16GB的,电脑内存要求是16GB的,价格在5000到10000元之间且内存为16GB的游戏本电脑,
湖口有什么好玩的地方,有石钟山鞋山台山公园古彭泽县城遗址上甲县遗址等吧,这是我家乡,湖口是我家乡,湖口是我家乡,
我喜欢吃果冻还是椰子味的,我喜欢透明的果冻,我非常喜欢,我非常喜欢果冻,我非常喜欢椰子味的果冻,
欧阳老师,欧阳老师是谁,是我,欧阳老师是我,欧阳老师是我,
我喜欢薛之谦,我也喜欢,真心喜欢,真心喜欢薛之谦,真心喜欢薛之谦,
西山景区的电话号码是多少呀,电话号码是0512 66310058,西山景区的特点都有什么呀,西山景区的特点都有什么呀,西山景区的特点都有什么呀,
下周四成都的光照强不强 我这个人比较怕晒,那您不用担心了 紫外线强度是最弱,太好了 上海那边的天气情况怎么样 下周四风大不,太好了 上海那边的天气情况怎么样 下周四风大不,太好了 上海下周四的天气情况怎么样 风大不,
嗯嗯 王晶的电影都很好 哪些港剧比较火啊,强烈建议你看看使徒行者,使徒行者是什么类型的电视剧啊,使徒行者是什么类型的电视剧啊,使徒行者是什么类型的电视剧,
您好 推荐一部近些年中国香港最好看的科幻片,推荐您看百变星君,好的 百变星君的豆瓣评分是多少,好的 百变星君的豆瓣评分是多少,好的百变星君的豆瓣评分是多少,
我在小济南,小济南是哪里,西南中心省会城市,小济南是西南中心省会城市,小济南是西南中心省会城市吗,
另外 我还想找一家工业园区附近的4星级酒店 我想要标准间,苏州金鸡湖李公堤瑞贝庭公寓酒店是个不错的选择,苏州金鸡湖李公堤瑞贝庭公寓酒店的电话多少,苏州金鸡湖李公堤瑞贝庭公寓酒店的电话多少,苏州金鸡湖李公堤瑞贝庭公寓酒店的电话多少,
可以教我怎么跟暗恋的女孩子聊天吗,先相互熟悉咯给暗恋的女孩子发信息简单的聊天从最基本的开始不知道发什么可以发祝福短信,我不知道她会不会喜欢我所以一直不敢表达真心,我不知道暗恋的女孩子会不会喜欢我所以一直不敢表达真心,我不知道暗恋的女孩子会不会喜欢我所以一直不敢表达真心,
想找一部电影周末看 有什么建议吗,喜欢哪个国家的电影,想找一部印度电影的看一看,想找一部印度电影的看一看,想找一部印度电影的看一看,
我最近准备去苏州旅游 想要咨询一下苏州工业园区那边5星级酒店,苏州金鸡湖新罗酒店就不错呀,苏州金鸡湖新罗酒店有大床房吗 我想要大床房,苏州金鸡湖新罗酒店有大床房吗 我想要大床房,苏州金鸡湖新罗酒店有大床房吗 我想要大床房,
你好 我来苏州办事顺便想出去逛逛 有没有啥价位偏贵的的游乐场推荐一下,推荐您去苏州乐园森林水世界,苏州乐园森林水世界有什么特点吗,苏州乐园森林水世界有什么特点吗,苏州乐园森林水世界有什么特点吗,
你好 帮我推荐一部2000年代中国大陆的喜剧片呗 顺便帮我看一下上映时间,推荐您看疯狂的石头 在大陆是2006年6月30日上映的 香港那边是2006年8月10日上映的,疯狂的石头的主演们都有谁呢 豆瓣评分高不,疯狂的石头的主演们都有谁呢 豆瓣评分高不,疯狂的石头的主演们都有谁呢 豆瓣评分高吗,
暗影精灵系列电脑的具体型号叫什么 硬盘的容量是多少呢,电脑型号的名称叫惠普TG01 073rcn 硬盘容量为256GBSSD 1TBHDD,惠普TG01 073rcn的CPU是什么型号的,惠普TG01 073rcn的CPU是什么型号的,惠普TG01 073rcn的CPU是什么型号的,
幸运七人组的导演是谁,它的导演是佐藤信介,那幸运七人组的主演都有些谁,那幸运七人组的主演都有些谁,幸运七人组的主演都有哪些,
你好 我空余时间喜欢看电视剧 尤其是日本的 你帮我推荐一部高分的爱情片吧,这边为您推荐东京爱情故事 评分较高,东京爱情故事主演名单里都有谁,东京爱情故事主演名单里都有谁,东京爱情故事的主演名单里都有谁,
嗯嗯 我想看剧情片 有合适的吗,那你就看爱的迫降,好的 那爱的迫降 总共有多少集,好的 那爱的迫降 总共有多少集,好的 那爱的迫降总共有多少集,
很羡慕有别墅的人,住别墅,住不起,住不起别墅,很羡慕有别墅的人住不起,
和朋友吵架了,其实大部分都是小事可别闹大了,可是他不守信用,可是朋友不守信用,可是他不守信用和朋友吵架了,
好 再帮我推荐一个工业园区比较受欢迎的院校吧 想去逛一下,推荐您去西交利物浦大学,哦哦 这帮我查查西交利物浦大学评分怎么样 地铁直达吗,哦哦 这帮我查查西交利物浦大学评分怎么样 地铁直达吗,哦哦 这帮我查查西交利物浦大学评分怎么样 地铁直达吗,
你喜欢吃雪糕吗,小孩喜欢吃,大人不可以喜欢吃吗,大人不可以喜欢吃雪糕吗,大人不可以喜欢吃雪糕吗,
帮我查查周庄多瓦台临河客栈的地址是哪里呀,在昆山周庄镇东浜村75号,那帮我查查周庄多瓦台临河客栈有没有停车场呢,那帮我查查周庄多瓦台临河客栈有没有停车场呢,周庄多瓦台临河客栈有没有停车场,
深圳还有哪里好玩,只有金沙滩,在哪哦,金沙滩在哪哦,金沙滩在哪哦,
好的呢 那麻烦你帮我看下D941的二等卧呗 再告诉我下价格,票价是700 0元 这个还挺便宜的,D941的二等卧可以 谢谢你啦 拜拜,D941的二等卧可以 谢谢你啦 拜拜,D941的二等卧可以，谢谢你啦，拜拜,
你不说我还真不知道呢 那神雕侠侣的豆瓣评分是几分呢,9 1分 很高的吧,是很高 不知道神雕侠侣的单集片长是几分钟啊,是很高 不知道神雕侠侣的单集片长是几分钟啊,神雕侠侣的单集片长是几分钟,
你喜欢张云雷嘛,不喜欢,为什么啊我超级喜欢他,为什么啊我超级喜欢张云雷,为什么啊我超级喜欢张云雷,
你知道 寒夜 吗,哈哈哈知道了,它是谁写的,寒夜是谁写的,寒夜是谁写的,
您好 我想看一部香港电影 能帮我推荐一部吗,我建议你看看志明与春娇,请问 志明与春娇是一部什么类型的电影啊,请问 志明与春娇是一部什么类型的电影啊,请问志明与春娇是一部什么类型的电影,
沈阳天气,沈阳今天的天气是晴23度到35度北风小于3级,刚才还说天气阴,刚才还说沈阳天气阴,沈阳天气刚才还说阴天,
只有我不在的街道 是科幻片吗 我想看他演的科幻片,是的 这部电视剧是科幻片,太好啦  只有我不在的街道 的豆瓣评分是多少,太好啦  只有我不在的街道 的豆瓣评分是多少,只有我不在的街道 的豆瓣评分是多少,
我梦见我喜欢的人了,好哒当时具体发生了什么,他向我表白,我梦见我喜欢的人向我表白,我喜欢的人向我表白,
怦然心动 是什么时候上映的呢 主要演员都有谁,具体的上映时间是2010年7月26日在好莱坞首映的 美国上映的时间是2010年的9月10日 主演有玛德琳 卡罗尔 卡兰 麦克奥利菲和瑞贝卡 德 莫妮,怦然心动 豆瓣上的评价如何呢,怦然心动 豆瓣上的评价如何呢,怦然心动在豆瓣上的评价如何呢,
那水乡古镇的门票多贵呢,是免费的 非常适合游玩,门票免费太棒了 感谢你的帮助 再见,门票免费太棒了 感谢你的帮助 再见,水乡古镇门票免费太棒了 感谢你的帮助 再见,
无状态是谁,张悬,他的资料是什么,张悬的资料是什么,张悬的资料是什么,
蔚揽380TSI四驱纵行版有座椅通风功能吗,非常抱歉 没有座椅通风功能,那蔚揽380TSI四驱纵行版有没有倒车影像功能呢,那蔚揽380TSI四驱纵行版有没有倒车影像功能呢,蔚揽380TSI四驱纵行版有倒车影像功能吗,
我老公太让我伤心了,这种时候就要转移下注意力,他老是玩手机,我老公老是玩手机,我老公老是玩手机,
您好 我和朋友在苏州旅游 想找一个便宜一些的地方游玩 您能帮忙推荐一下吗,你们可以去苏州博物馆,帮我查查苏州博物馆在哪里啊,帮我查查苏州博物馆在哪里啊,帮我查查苏州博物馆在哪里啊,
我特别喜欢佟丽娅,哎我想说我也很爱佟丽娅,她是我的不是你的,佟丽娅是我的不是你的,佟丽娅是我的不是你的,
范小微偷税漏税,范小微看久了有点腻歪,她整容,范小微整容,范小微整容,
联想 小新Air系列具体的价格是多少,价格是5799元 不到六千吧,可以的 联想 小新Air系列裸机重量是多少,可以的 联想 小新Air系列裸机重量是多少,联想小新Air系列裸机重量是多少,
那独墅湖教堂门票是怎么收费的呀,这里不收门票费的呢,我还想问最后一个问题 工业园区周围有不错的日料餐馆吗,我还想问最后一个问题 工业园区周围有不错的日料餐馆吗,工业园区周围有不错的日料餐馆吗,
我坐动车吧 有合适的车次吗,给您推荐D3295 南京南 杭州东,好的 我想买D3295的二等座 请问票价多少,好的 我想买D3295的二等座 请问票价多少,好的 我想买D3295次动车的二等座 请问票价多少,
四川航空3U8963在成都的起飞时间又是几点啊,起飞时间是当天12 30,四川航空3U8963经济舱的票价是多少钱啊,四川航空3U8963经济舱的票价是多少钱啊,四川航空3U8963经济舱的票价是多少钱,
我还想找一部李瑞主演的大陆电视剧可以吗,当然可以 这里查询到一部片名为快乐星球的剧,快乐星球的豆瓣评分是多少呢,快乐星球的豆瓣评分是多少呢,李瑞主演的快乐星球的豆瓣评分是多少呢,
呃你一般听谁的歌呀,悲伤逆流成河,这首歌好有王菲的感觉,悲伤逆流成河好有王菲的感觉,这首歌好有王菲的感觉,
讲嘛,你知道哆啦A梦的作者到底是几个人吗,看完了,哆啦A梦看完了,看完了哆啦A梦的作者到底是几个人吗,
你没有想学的乐器吗觉得钢琴啊吉他啊都很好听,钢琴吧,这乐器的声音听起来很舒服哇,钢琴的声音听起来很舒服哇,钢琴这乐器的声音听起来很舒服哇,
创造101看吗,砰砰你也喜欢看创造101,对里面的强东玥我很喜欢,对创造101里面的强东玥我很喜欢,对创造101里面的强东玥我很喜欢,
我说的是我男朋友跟别的女生出去约会见面吃饭,但这是很危险的很容易演变成令人头痛的三角关系,他背着我做的我一点都不知情,我男朋友背着我做的我一点都不知情,我男朋友背着我跟别的女生出去约会见面吃饭，我一点都不知情,
哦 G1667的一等座价格有点高呢 请问下周日上午有从南京到厦门的动车吗,推荐您乘坐D3295 南京南 厦门北,嗯嗯 D3295的二等座多少钱啊,嗯嗯 D3295的二等座多少钱啊,嗯嗯D3295南京南到厦门北的二等座多少钱啊,
中国国航CA1519的时间准点吗 我可不想等太长时间,您放心 它的准点率为98 32  很高的,如果有突发情况 我可能会改时间 所以下周五北京去上海的航班有吗,如果有突发情况 我可能会改时间 所以下周五北京去上海的航班有吗,如果有突发情况 我可能会改时间 所以下周五北京去上海的航班有吗,
你玩吃鸡吗,玩都玩不了还吃鸡,为什么玩不了,为什么玩不了吃鸡,为什么玩不了吃鸡,
云南有什么好玩的,玉龙雪山,这个地方嘛来聊聊吧,玉龙雪山嘛来聊聊吧,玉龙雪山这个地方嘛来聊聊吧,
去哪了,回家云南,去玩,去云南玩,去云南玩,
知道了 那有没有下周六下午从北京到杭州的高铁呢 我想对比一下价格,有G59 北京南 杭州东 这列车,G59高铁二等座多少钱呀,G59高铁二等座多少钱呀,G59高铁二等座从北京南到杭州东多少钱,
你认识韩子杰吗,认识啊怎么,我喜欢他,我喜欢韩子杰,我喜欢韩子杰,
疯狂的外星人主演都有谁,主演有黄渤 沈腾 汤姆 派福瑞 徐峥,哇 都是我喜欢的演员呀 疯狂的外星人豆瓣多少分,哇 都是我喜欢的演员呀 疯狂的外星人豆瓣多少分,疯狂的外星人豆瓣多少分,
东方航空MU2667什么时候起飞 我好做准备,飞机当天11 55从厦门高崎国际机场T4起飞,顺便帮我看看有没有下周日的东方航空MU2667,顺便帮我看看有没有下周日的东方航空MU2667,顺便帮我看看有没有下周日从厦门高崎国际机场T4起飞的东方航空MU2667,
我还喜欢芝士,还不错喜欢芝士,超级好吃,芝士超级好吃,芝士超级好吃,
我爱看刀剑神域,听说刀剑神域很好看所以我应该很想看,你没看过,你没看过刀剑神域,你没看过刀剑神域,
我下周想从成都去南京 有动车吗,您想什么时候出发,我想下周二上午从成都去南京哈,我想下周二上午从成都去南京哈,我想下周二上午从成都去南京有动车吗,
拙政园的门票多钱了 贵不,门票价格是90元,姑苏区附近有啥不错的东北菜餐厅吗,姑苏区附近有啥不错的东北菜餐厅吗,姑苏区附近有啥不错的东北菜餐厅吗,
哈喽 我刚来苏州 想着先去姑苏区那边找个景点玩玩 你帮我找个好玩的地儿吧 适合情侣出去的,我觉得情侣去山塘街挺好 晚上去最好 夜景非常美 拍照特漂亮,行 你给我个山塘街的电话,行 你给我个山塘街的电话,行 你给我个山塘街的联系电话,
斗罗大陆怎么样,是手机游戏,是小说,斗罗大陆是小说,斗罗大陆是小说,
天涯明月刀知道吗,那是什么鬼,是游戏,天涯明月刀是游戏,天涯明月刀是游戏,
你好 我明天去常熟出差 有没有价位中等的酒店给我推荐一下 我想要标准间,你好 我推荐您住常熟长江路亚朵酒店 很多出差人士都会选择这里,常熟长江路亚朵酒店的评分是多少,常熟长江路亚朵酒店的评分是多少,常熟长江路亚朵酒店的评分是多少,
射手,哦听说张杰也是射手座的呢,我不喜欢他,我不喜欢张杰,我不喜欢张杰,
你好啊 我的家人身体不太好 想看看普外科 我希望你能推荐一个擅长普外科的综合医院给我,这方面的检查 苏州大学附属第二医院的口碑就很好的,苏州大学附属第二医院有DSA检查吗,苏州大学附属第二医院有DSA检查吗,苏州大学附属第二医院有DSA检查吗,
嘉兴今天的天气是晴转多云27度到34度东风小于3级,适合穿什么,恤牛仔裤帆布鞋,嘉兴今天适合穿恤牛仔裤帆布鞋,嘉兴今天晴转多云27度到34度，适合穿恤牛仔裤帆布鞋吗,
螺蛳粉啦,螺蛳粉,好吃,螺蛳粉好吃,螺蛳粉好吃,
边伯贤认识吗,边伯贤是我心里的天使,你觉得他帅吗,你觉得边伯贤帅吗,你觉得边伯贤帅吗,
老枫庭能地铁直达吗,不好意思 他家不能地铁直达,好吧 那老枫庭的营业时间是多会,好吧 那老枫庭的营业时间是多会,老枫庭的营业时间是多会,
能不能再帮我查查北京的天气呀,没问题 下周六北京天气为晴天,北京的温度是多少呢,北京的温度是多少呢,下周六北京的温度是多少呢,
我想有个哥哥,哥哥一般都不怎么好玩,可是他很会照顾人啊,可是哥哥很会照顾人啊,可是我的哥哥很会照顾人,
你好 下周五我要从广州到成都办事 我要坐经济舱 请问当天有哪个航班呢,当天有四川航空3U8556 白云国际机场T2 双流国际机场T1,四川航空3U8556的经济舱多少钱,四川航空3U8556的经济舱多少钱,四川航空3U8556经济舱的价格是多少,
所谓微商所谓朋友,微商是什么东东求解,都是假的,微商都是假的,所谓微商所谓朋友都是假的,
你吃过狗粮,好吃么,我不知道我没吃过,我不知道我没吃过狗粮,我不知道狗粮我没吃过,
我们与恶的距离的单集片长是多久,55分钟一集,我们与恶的距离的单机片长还挺长的 豆瓣评分高吗,我们与恶的距离的单机片长还挺长的 豆瓣评分高吗,我们与恶的距离的单集片长还挺长的 豆瓣评分高吗,
常熟有意思连锁酒店评分多少,评分4 4,常熟有意思连锁酒店房费多少,常熟有意思连锁酒店房费多少,常熟有意思连锁酒店房费多少,
快过来放鞭炮啦,放鞭炮放炮的笑起来好好笑,哼过来吗,哼过来放鞭炮吗,哼过来放鞭炮吗,
我教你拍西瓜选瓜,我要吃西瓜 瓜瓜瓜,好好好给你买,好好好给你买西瓜,好好好给我买西瓜,
我想问一下漫心苏州天平山酒店的电话号码是多少,他们家电话是0512 65696088,漫心苏州天平山酒店的评分是多少呢,漫心苏州天平山酒店的评分是多少呢,漫心苏州天平山酒店的评分是多少呢,
你知道胡思杰吗,胡思杰毕业了哈哈,她比你大吗,胡思杰比你大吗,胡思杰比你大吗,
喻文州帅吗,漂亮吗,他很帅,喻文州很帅,喻文州很帅,
我没有女朋友,哎眼光不要太高嘛,不高,我眼光不高,没有女朋友的眼光不高,
武当山有什么好玩的,著名的啊有五龙宫,人多不,武当山五龙宫人多不,五龙宫人多不,
你为啥喜欢2009,因为我喜欢我男神,他明年结婚,我男神明年结婚,2009明年结婚,
联想小新潮7000是什么色系的,蓝色系的,联想小新潮7000裸机重量是多少,联想小新潮7000裸机重量是多少,联想小新潮7000裸机重量是多少,
拼多多知道吗,拼多多还真的是拼的多减的多呢,假货多,拼多多假货多,拼多多假货多,
丽江,说到这个我特别想说丽江真的是个神奇的地方古城下雨雪山就下雪,是啊我去过一次呢,是啊我去过一次丽江呢,丽江我去过一次呢,
你知道伊索寓言吗,我记得小时候听的时候是改变隔膜,他的作者是谁,伊索寓言的作者是谁,伊索寓言的作者是谁,
陈奕迅,超爱陈奕迅,他是爱我的,陈奕迅是爱我的,陈奕迅是爱我的,
可以的 是哪个电影,是这部血洗鳄鱼仇,血洗鳄鱼仇时长是多少,血洗鳄鱼仇时长是多少,血洗鳄鱼仇的时长是多少,
你好 我考虑买一辆探岳 帮我推荐一个低配的就行,好的 我给您推荐探岳330TSI两驱舒适型,请问探岳330TSI两驱舒适型这款车的价格是多少呢,请问探岳330TSI两驱舒适型这款车的价格是多少呢,探岳330TSI两驱舒适型的价格是多少呢,
重庆的气温,重庆今天最高温度11度最低温度7度温度适宜和好朋友一起出去玩吧,明天天气,重庆明天天气,重庆明天天气,
我的父母在我很小的时候就出去打工了所以我是一个人孤独的长大的我六年级时他们给我买了一部手机我天天都一个人在家好无聊只能玩手机他们也不关心我甚至开始忽略我了心里很难受这次我考试了还不错但是他们如果他们真正关心我的话就不会不高兴不知道他们到底爱不爱我,那就让你的父母爱着吧,可是他们一点也不在乎我,可是我的父母一点也不在乎我,可是我的父母一点也不在乎我,
那还行 风不大 再帮我查查下周二南京的天气吧 我好比较一下哪天的天气好一点,下周二南京是晴转多云呢 可能会下雨呢 记得带伞呦,下周二南京的温度高么,下周二南京的温度高么,下周二南京的天气温度高吗,
那疯人院导演是谁啊,这是一个叫老算的人导的剧,哦哦 那科幻类型的电影呢 美国的 很受欢迎的那种有吗,哦哦 那科幻类型的电影呢 美国的 很受欢迎的那种有吗,哦哦 那美国的科幻类型的电影很受欢迎的那种有吗,
也还好 我可以接受 再帮我看看3U8556的起飞时间吧,当天10 30起飞 时间点不错,是不错 那3U8556到达时间呢,是不错 那3U8556到达时间呢,是不错 那3U8556的到达时间呢,
龙族你看过吗我们要玩一个关于龙族的游戏,龙族都有三了,嗯它都有龙五了,嗯龙族都有龙五了,嗯龙族都有龙五了,
你会啥游戏,嘻嘻剑侠情缘三啊,啥段位啊Smirk,你玩剑侠情缘三啥段位啊Smirk,Smirk在剑侠情缘三中的段位是什么,
你好 我要去出差 顺便逛一逛 我想先去一个水乡古镇 消费水平最好是中等的 帮我推荐一个消费中等的水乡古镇,帮您推荐山塘街 这个很著名,山塘街是不是地铁直达的,山塘街是不是地铁直达的,山塘街是不是地铁直达的,
好的 再看看下周二下午从杭州到厦门的动车呗 我打算坐个二等座 哈,您可以坐当天的D3141 杭州东 厦门北,D3141票价多少呀,D3141票价多少呀,D3141动车二等座票价多少呀,
我说电影里的那个叫克林特的,那个刘德华有读心术什么电影,复联里的那个,复联里的那个叫克林特的,复联里的那个克林特,
合肥 有什么好玩的,查了一下逍遥津天鹅湖包公园三河古镇滨湖湿地公园紫蓬山李府,这些我都去过了,逍遥津天鹅湖包公园三河古镇滨湖湿地公园紫蓬山李府我都去过了,合肥这些景点我都去过了,
你好 我明天要去工业园区那边出差 想找一家中等价位的酒店大床房休息 求推荐,推荐给您苏州金鸡湖李公堤瑞贝庭公寓酒店 服务非常好的一家店,好的 苏州金鸡湖李公堤瑞贝庭公寓酒店的电话多少 我提前订个房,好的 苏州金鸡湖李公堤瑞贝庭公寓酒店的电话多少 我提前订个房,苏州金鸡湖李公堤瑞贝庭公寓酒店的电话多少 我提前订个房,
公司让我下周出差 你帮我查查南京到成都的航班呗,您的出发日期是什么时候呢,我的出发时间选下周日吧,我的出发时间选下周日吧,南京到成都的航班，出发时间选下周日,
可是我觉得芝士蛋糕也不错,东西不错,是我前女友喜欢的食物,芝士蛋糕是我前女友喜欢的食物,芝士蛋糕是我前女友喜欢的食物,
兰州的牛肉面呢,最爱的兰州拉面,给我也来一碗儿吧,给我也来一碗儿兰州拉面吧,给我也来一碗兰州拉面吧,
你地理很差诶是在安徽省啦,安徽省在哪,貌似是中国东部长江下游淮河中游吧,安徽省貌似是中国东部长江下游淮河中游吧,安徽省在中国东部长江下游淮河中游,
感觉很辛苦的样子平时时差倒不过来我会吃点褪黑素帮助睡眠不知道对失眠有没有用,褪黑素啥价格,助眠的保健药物有效我试过,褪黑素是助眠的保健药物有效我试过,褪黑素作为助眠的保健药物有效我试过,
你怎么看洛天依的啊,v家确实有不少好听的歌曲恩我要多向前辈们学习唱更多好歌期待下吧,什么啊她唱的还没有我的小微好听呢,什么啊洛天依唱的还没有我的小微好听呢,洛天依唱的还没有我的小微好听呢,
你说我当一个作家好吗,诶你觉得要当作家有多难呀,很难,当作家很难,当作家很难,
你认不认识魏无羡,认识呀,他是谁呀,魏无羡是谁呀,魏无羡是谁呀,
沈阳浑南有什么好玩的啊,南山有个音乐喷泉,在哪里,在沈阳浑南哪里,沈阳浑南南山音乐喷泉在哪里,
上海啊,上海今天的天气是雷阵雨转多云27度到29度东南风3级唔有点降温,附近有什么好吃的,上海附近有什么好吃的,上海附近有什么好吃的,
午餐吃牛排你请客,煎牛排很多吃的都能用到,你请我吃,你请我吃牛排,你请我吃牛排,
高尔基,高尔基的原名呢,不就是阿列克塞马克西莫维奇彼什科夫咯,高尔基的原名不就是阿列克塞马克西莫维奇彼什科夫咯,高尔基的原名是阿列克塞·马克西莫维奇·彼什科夫吗,
请问探影自动悦的价格是多少呢,这款车的价格是13 99万元,请问探影自动悦有倒车影像功能吗,请问探影自动悦有倒车影像功能吗,请问探影自动悦有倒车影像功能吗,
微博名,微博名是什么呢,是乐发迁,微博名是乐发迁,乐发迁是微博名,
下周二南京的风力风向呢,南风3 4级,请帮我找一班下周二上午从南京出发去杭州的动车,请帮我找一班下周二上午从南京出发去杭州的动车,请帮我找一班下周二上午从南京出发去杭州的动车,
您好 最近朋友来苏州找我玩 能推荐一个价格相对便宜点的校园景点吗,您可以去苏州大学 历史悠久 文化底蕴浓厚,嗯 请问苏州大学有什么特色,嗯 请问苏州大学有什么特色,嗯请问苏州大学有什么特色,
九,九是什么意思,是九年级,九是九年级,九年级是什么意思,
双子座,哎你知道吗听说黄家驹也是双子座的呢,不喜欢他,不喜欢黄家驹,不喜欢黄家驹,
节奏大师是,不是   节奏大师是一款游戏软件的名字,你会吗,你会节奏大师吗,你会玩节奏大师吗,
我们这有个变态,自恋还夸自己,他叫邓云鑫,这个变态叫邓云鑫,变态邓云鑫,
好的 G105的火车票会不会很贵呢,毕竟是一等座 所以票价有点小贵的 是933 0元,行 反正出差公司给报销 没问题的 哈哈 G105几点能到上海呢,行 反正出差公司给报销 没问题的 哈哈 G105几点能到上海呢,G105几点能到上海,
我要小哥哥,啥时候我问问他,现在,现在就要小哥哥,现在我要小哥哥,
辅导班上课时间最好是周六的上午,好的帮您找到 PM4P05048A 这个辅导班很符合您的预期,PM4P05048A这个辅导班的开始日期是啥时候呢,PM4P05048A这个辅导班的开始日期是啥时候呢,PM4P05048A这个辅导班的开始日期是啥时候呢,
没空调,能穿短袖吗,当然能穿短袖短裤都可以穿,没空调当然能穿短袖短裤都可以穿,当然能穿短袖，短裤都可以穿,
你想去什么地方旅游,九寨沟不错美得像仙境,好美啊有时间去走走吧,九寨沟好美啊有时间去走走吧,九寨沟好美啊有时间去走走吧,
你好 我下周一下午要从杭州去南京玩几天 想坐一等座的高铁去 请问当天有哪个车呢,当天有G7662 杭州东 南京南,G7662一等座多少钱呀,G7662一等座多少钱呀,G7662一等座从杭州东到南京南多少钱,
你好 我想了解一下插电式混合动力驱动的SUV 我的预算有20 30万,暂时没有这个样子的车 您看汽油驱动的可以吗,可以 汽油驱动的是什么呢,可以 汽油驱动的是什么呢,可以 汽油驱动的SUV是什么,
你说的很对,董洁的事在8卦已经人尽皆知,但是我还是喜欢她觉得她很纯洁,但是我还是喜欢董洁觉得她很纯洁,但是我还是喜欢董洁觉得她很纯洁,
话说这一届世界杯要开始了呢你看好哪个队呀,巴西,还是很有实力的毕竟今年世界杯都进八强了,巴西还是很有实力的毕竟今年世界杯都进八强了,巴西还是很有实力的毕竟今年世界杯都进八强了,
还可以啊 下周五那天上海的温度怎么样 我看需要带上遮阳伞不 我这遮阳伞可是非常好呢,当天上海的温度是最高温度16摄氏度 最低温度9摄氏度,那就不需要带了 下周五上海的天气怎么样 我去哪都先问天气的,那就不需要带了 下周五上海的天气怎么样 我去哪都先问天气的,下周五上海的天气怎么样 我去哪都先问天气的,
G32是几点从杭州开的,下午一点从杭州东站出发,那G32到北京要多长时间,那G32到北京要多长时间,G32从杭州东站到北京要多长时间,
NLP课程咨询 488,NLP的全称是什么,可能大概也许是神经语言程序学吧,NLP的全称可能大概也许是神经语言程序学吧,NLP的全称可能是神经语言程序学吧,
您好 我家住广州 请问咱们这里下周三天气如何,广州下周三的天气是多云,那下周三广州的温度 风力风向都怎样,那下周三广州的温度 风力风向都怎样,下周三广州的温度 风力风向都怎样,
帮我查杭州到上海的动车二等座吧 便宜点,为您查询到 D3324 杭州东 上海虹桥,好的 D3324二等座的票价是多少钱呢,好的 D3324二等座的票价是多少钱呢,D3324杭州东到上海虹桥二等座的票价是多少钱呢,
下周日中国国航CA4524几点起飞,起飞时间为当天10 10,中国国航CA4524准点吗,中国国航CA4524准点吗,中国国航CA4524航班准点吗,
你玩过弹珠吗,玩过啊,玩到好多关啦,弹珠玩到好多关啦,弹珠游戏玩到好多关啦,
你知道杨文昊吗,我不管杨文昊最乖,你喜欢他吗,你喜欢杨文昊吗,你喜欢杨文昊吗,
下周一广州晴天没有云怕是光照很强吧,您说对了 紫外线强度是很强,那也没办法 那下周一广州的风呢 大么,那也没办法 那下周一广州的风呢 大么,下周一广州的风大吗,
鬼吹灯不好看,鬼吹灯没有盗墓笔记好看 故事不紧凑,感觉很假,感觉鬼吹灯很假,鬼吹灯感觉很假,
晚上好 有时间吗 我这几天在苏州度假 明天准备去东方之门玩 可以帮我查一下这个景点的开放时间吗,当然可以了 这个景点全天开放,全天开放这么好啊 那我随时去都行了 东方之门在什么方位呀,全天开放这么好啊 那我随时去都行了 东方之门在什么方位呀,全天开放这么好啊 那我随时去都行了 东方之门在什么方位呀,
今天六一呢,你怎么过的啊,有糖吃不,六一有糖吃不,今天六一有糖吃不,
嗯 另外我还想找一部中国大陆好看的动作片电影 麻烦再帮我推荐一下,好的 这部大陆的高分动作片 少林寺 推荐给你,少林寺片中的主演都有谁 豆瓣给了几分呢,少林寺片中的主演都有谁 豆瓣给了几分呢,少林寺电影的主演都有谁 豆瓣评分是多少,
你好 我是苏州人 我朋友要来找我 我想查一下这边的水乡古镇景点 最好是便宜点的,木渎古镇就很符合您,木渎古镇是不是地铁直达的,木渎古镇是不是地铁直达的,木渎古镇是不是地铁直达的,
那算了吧 我不坐地铁了 玩累了 我想去口碑不错的多多旺港式茶餐厅用餐 你能帮我查到多多旺港式茶餐厅的地址吗,当然可以了 地址是狮山路215号吴宫丽都商业街1楼,好详细呀 多多旺港式茶餐厅也不知道人均消费高不高呀 最好是别超出我的预算才好,好详细呀 多多旺港式茶餐厅也不知道人均消费高不高呀 最好是别超出我的预算才好,好详细呀 多多旺港式茶餐厅的人均消费高不高呀 最好是别超出我的预算才好,
零食嘛来聊聊呗,水煮肉片,这个是零食嘛怎么测试的啊,水煮肉片是零食嘛怎么测试的啊,水煮肉片是零食吗怎么测试的啊,
下周日下午南京开往杭州的车有吗,有的 那这辆高铁G2807可以吗,下周日下午南京开往杭州的车 有动车吗,下周日下午南京开往杭州的车 有动车吗,下周日下午南京开往杭州的车有动车吗,
初音未来的有好多人听呢,就是那个岛国妹纸吗,是的她还可以唱中文,是的初音未来还可以唱中文,是的初音未来还可以唱中文,
刚才听到许敏俊介绍你,又幻听了,他是微软的,许敏俊是微软的,许敏俊是微软的,
给我找部张若昀主演的剧情片电视剧,您可以看看 庆余年,庆余年豆瓣评分怎么样,庆余年豆瓣评分怎么样,庆余年豆瓣评分怎么样,
c罗怎么样啊,C罗在欧洲杯也算苦尽甘来,你觉得他去尤文图斯好吗,你觉得c罗去尤文图斯好吗,你觉得C罗去尤文图斯好吗,
不知道自己想要的是什么,我想要一个幸福的家庭,怎么才会得到,怎么才会得到一个幸福的家庭,怎么才会得到幸福的家庭,
你好 明天想请朋友吃饭 他喜欢吃粤菜 有什么粤菜餐厅推荐吗,你好 你对价位有什么要求吗,帮我推荐中等价位的粤菜餐厅就可以,帮我推荐中等价位的粤菜餐厅就可以,帮我推荐中等价位的粤菜餐厅,
袁笑寒,袁笑寒是谁阿,我同学,袁笑寒是我同学,袁笑寒是我同学,
但是我喜欢的人是我的教官 我不应该喜欢他的,暗恋是单方面的付出只要自己觉得值得就好,他知道我喜欢他,我的教官知道我喜欢他,他知道我喜欢我的教官,
郏县,河南省平顶山市郏县天气,明天天气怎么样,河南省平顶山市郏县明天天气怎么样,郏县明天天气怎么样,
魔兽世界呀,我去看过魔兽世界,首映你看了吗,魔兽世界首映你看了吗,魔兽世界首映你看了吗,
你好 我的业余爱好是追剧和看电影 想找找好看的电影电视剧 有没有2010年代热播的美国喜剧片的电视剧呢 推荐一部吧,好的 稍等 为您查到生活大爆炸第十二季,生活大爆炸第十二季的首播时间是什么时候呢,生活大爆炸第十二季的首播时间是什么时候呢,生活大爆炸第十二季的首播时间是什么时候呢,
好的 闪灵是什么时候上映的呢,它是1980年5月23日在美国上映的,听说过闪灵 都说不错 是谁导演的呢,听说过闪灵 都说不错 是谁导演的呢,闪灵是谁导演的呢,
你好 我平时很喜欢追剧 你帮我介绍一部好看的中国台湾的爱情片好吗,嗯 你可以看看 想见你,好的 我还真没看过呢 想见你是哪年播出的呢,好的 我还真没看过呢 想见你是哪年播出的呢,好的 我还真没看过呢 想见你这部剧是哪年播出的呢,
东方航空的航班没坐过 MU283几点能到北京,当天16 50就能到,MU283到的时间倒是不错 那几点从南京起飞,MU283到的时间倒是不错 那几点从南京起飞,MU283从南京起飞的时间是几点,
我要去韩国了,太贵了去不起,去做练习生,我要去韩国做练习生,我要去韩国做练习生,
来跟我battle,battle是什么,说唱的一种形式啊,battle是说唱的一种形式啊,说唱的一种形式是什么,
你好 我想从厦门坐高铁去杭州 有推荐的车次吗,请问打算什么时候出发呢,目前计划下周三上午出发吧 有合适的吗,目前计划下周三上午出发吧 有合适的吗,从厦门坐高铁去杭州下周三上午出发有合适的车次吗,
要G1662一等座 我可以 能说一下G1662的车次信息吗,好的 G1662次列车 始发厦门北站 终到南京南站,了解了 G1662一等座价钱我可以接受吗,了解了 G1662一等座价钱我可以接受吗,了解了 G1662次列车一等座价钱我可以接受吗,
你好 我有个朋友要来苏州看我 我想带他在昆山找个便宜点的地方游玩一番 你可以帮我推荐一下这样的景点吗,那就只有千灯古镇可以去了,千灯古镇的评分是几分啊 别便宜的景点评分太低 我就没面子了,千灯古镇的评分是几分啊 别便宜的景点评分太低 我就没面子了,千灯古镇的评分是几分啊 别便宜的景点评分太低 我就没面子了,
同里月上酒店地址在什么地方,地址在苏州吴江区同里镇东溪街53号,同里月上酒店评分是多少,同里月上酒店评分是多少,同里月上酒店评分是多少,
范玮琪好看吗,觉得范玮琪漂亮,不觉得,不觉得范玮琪漂亮,不觉得范玮琪好看,
实力主唱王俊凯,王俊凯,帅酷你最棒,帅酷王俊凯你最棒,王俊凯帅酷你最棒,
你知不知道  霍华德菲利普洛夫克拉夫特,你是很关心这种问题吗要不找其他专家聊聊,这个是克苏鲁神话的作者, 霍华德菲利普洛夫克拉夫特是克苏鲁神话的作者,霍华德菲利普洛夫克拉夫特是克苏鲁神话的作者,
为什么是陈,陈欧挺住,为自己 代言,陈欧为自己 代言,陈欧为自己代言,
我不喜欢,我喜欢华晨宇,我觉得他的烟火里的尘埃还不错,我觉得华晨宇的烟火里的尘埃还不错,我觉得华晨宇的烟火里的尘埃还不错,
那生活大爆炸第十二季的导演是谁呢,这部剧是由马克 森卓斯基导演的,生活大爆炸第十二季什么时间首播的呢,生活大爆炸第十二季什么时间首播的呢,生活大爆炸第十二季的首播时间是什么时候,
我想要屏幕是15 6英寸 内存是8GB的小米的常规笔记本 希望你推荐一下,好的 推荐您买小米Ruby,小米Ruby的价格是多少,小米Ruby的价格是多少,小米Ruby的价格是多少,
蔡依林数字专辑在卖哦,期待女神蔡依林出專輯 這次專輯真好聴,你听了吗,你听蔡依林的数字专辑了吗,你听了吗蔡依林的数字专辑,
小米 MI 笔记本Pro的系统是什么,它是Windows10,那小米 MI 笔记本Pro的待机时间是多久,那小米 MI 笔记本Pro的待机时间是多久,小米 MI 笔记本Pro的待机时间是多久,
四川航空3U8937经济舱就好 是720的那个吗,是的 720元,好 下周日成都去杭州的航班有吗,好 下周日成都去杭州的航班有吗,好 下周日成都去杭州的航班有吗,
你知道b站吗,bilibili弹幕网,那里怎么样,b站怎么样,b站怎么样,
金庸应该是系统研究过大仲马读基督山伯爵总体感觉像是读金庸小说,关于基督山伯爵你有什么看法,一个人复仇的故事,基督山伯爵是一个人复仇的故事,金庸小说中一个人复仇的故事,
帮我查查沙家浜风景区附近有没有便宜点的餐厅 麻烦推荐一家,这里比较实惠的餐厅还挺多的 给您推荐采芝斋 这家不错,好的 帮我查查采芝斋的具体地址 电话号码,好的 帮我查查采芝斋的具体地址 电话号码,好的 帮我查查采芝斋的具体地址和电话号码,
我要G1659的一等座就好 需要多少时间呢,一共需要乘坐5小时45分,G1659何时出发,G1659何时出发,G1659何时出发,
是啊 我也喜欢太极宗师 这个战狼2 是什么时间上映的啊,这部电影的具体上映时间是2017年7月27日,好的 我打算去看看战狼2 非常感谢你的帮助 再见,好的 我打算去看看战狼2 非常感谢你的帮助 再见,好的 我打算去看看战狼2 非常感谢你的帮助 再见,
知道温州医科大学仁济学院吗,也不打个招呼就消失这么久没良心哼,找一下这个学校的消息呗,找一下温州医科大学仁济学院的消息呗,温州医科大学仁济学院的消息,
我想给孩子报一个四年级的数学的精进班 有园区附近的吗,园区方洲邻里中心有一家很合适,可以 帮我查查四年级的数学的精进班什么时候开始上课呢,可以 帮我查查四年级的数学的精进班什么时候开始上课呢,园区方洲邻里中心四年级的数学精进班什么时候开始上课呢,
杭州去厦门的车可以推荐一下吗 时间是下周一下午,高铁如何 G1675次列车,可以 我想要坐下周一下午G1675杭州去厦门一等座 车次信息是,可以 我想要坐下周一下午G1675杭州去厦门一等座 车次信息是,坐下周一下午G1675次列车杭州去厦门一等座的车次信息,
收到 请问惠普 HP 星14青春版的CPU型号是什么,该款产品的CPU型号是i5 10210U,嗯嗯 你惠普 HP 星14青春版能待机多长时间啊,嗯嗯 你惠普 HP 星14青春版能待机多长时间啊,嗯嗯惠普 HP 星14青春版能待机多长时间,
吴玉婷团票第几,第一名很开心,她团票第几名,吴玉婷团票第几名,吴玉婷团票第几名,
好吧 伴园私房菜电话号码是什么,电话是139 6217 0368,伴园私房菜附近有没有价位偏贵的酒店给我推荐一家,伴园私房菜附近有没有价位偏贵的酒店给我推荐一家,伴园私房菜附近有没有价位偏贵的酒店给我推荐一家,
我是码农,就是程序员,你咋知道呢,你咋知道码农呢,你咋知道我是码农呢,
我跟我对象是异地恋,有缘份的人总会再相遇的,我想她了,我想我对象了,我想我对象了,
你再帮我查询一下苏州市立医院 北区 的门诊时间 可以吗,当然可以 门诊时间是8 00 12 00 13 00 17 00,昂 那苏州市立医院 北区 有没有CT呢,昂 那苏州市立医院 北区 有没有CT呢,昂 那苏州市立医院北区有没有CT,
哈喽 我考虑买一辆夏朗 请帮我推荐一个高配的吧,你好 我给您推荐夏朗380TSI舒享型这款车,请问夏朗380TSI舒享型的价格是多少呢,请问夏朗380TSI舒享型的价格是多少呢,请问夏朗380TSI舒享型的价格是多少呢,
陈玉成是什么样的人,别人可能不清楚不过我知道陈玉成是太平天国主将,他厉害吗,陈玉成厉害吗,陈玉成厉害吗,
我想要大床房,好哒 帮您推荐苏州吴宫泛太平洋酒店 这个很不错,苏州吴宫泛太平洋酒店的评分怎么样,苏州吴宫泛太平洋酒店的评分怎么样,苏州吴宫泛太平洋酒店的评分怎么样,
你玩dota2吗,七月底会公测,早就公测了,dota2早就公测了,dota2早就公测了,
另外我听说熬八年火锅这家餐厅口碑不错 我想知道这家店人均消费是多少,人均消费是127元,熬八年火锅营业时间呢,熬八年火锅营业时间呢,熬八年火锅营业时间呢,
少年张三丰是动作片吗 我比较喜欢看动作片,是的 这部是动作片,那太好了 少年张三丰的豆瓣评分怎么样,那太好了 少年张三丰的豆瓣评分怎么样,那太好了 少年张三丰的豆瓣评分怎么样,
当老师好吗,还行吧,还有别的好处吗,当老师还有别的好处吗,当老师还有别的好处吗,
他是延禧攻略里的傅恒,眉眼不赖啊猜不到告诉我吧抓狂,他是我的男票,傅恒是我的男票,傅恒是我的男票,
你认识马子华吗,是我男神,很帅吗,马子华很帅吗,马子华很帅吗,
你最喜欢哪一本书,玫瑰的故事,谁写的,玫瑰的故事谁写的,玫瑰的故事是谁写的,
巴蒂斯图塔你认识吗,狮子王是199495赛季意甲的最佳射手哦感觉很强势啊,有他的照片吗,有巴蒂斯图塔的照片吗,巴蒂斯图塔有他的照片吗,
你好 我想买一辆汽油驱动的SUV 预算大概是大于30万 有合适的吗,建议选择这款途昂车系的,途昂车系这款车有座椅加热功能吗,途昂车系这款车有座椅加热功能吗,途昂车系有座椅加热功能吗,
你好 我下周六要去北京出差 咱们南京这边有哪个航班吗 正常订公务舱就行,您好 这位女士 给您推荐东方航空MU2831 禄口国际机场T2 首都国际机场T2,东方航空我比较喜欢 帮我查查MU2831什么时间起飞,东方航空我比较喜欢 帮我查查MU2831什么时间起飞,东方航空MU2831航班什么时间起飞,
甲骨文系列怎么样,这个系列不错,这里面最好的三本书是什么,甲骨文系列里面最好的三本书是什么,甲骨文系列里面最好的三本书是什么,
苏州新城花园丽呈华廷酒店的地址在什么地方,酒店的地址在苏州高新区狮山路1号,苏州新城花园丽呈华廷酒店的评分如何,苏州新城花园丽呈华廷酒店的评分如何,苏州新城花园丽呈华廷酒店的评分如何,
还没到新年,今天是除夕,不是,今天不是除夕,不是新年,
你好 我们一家来苏州旅游 我们想先在高新区找一个贵一些的景点玩一玩 你帮我查一个吧,好的 这边为您找到苏州乐园森林水世界,地铁能到苏州乐园森林水世界吗 门票是多少钱,地铁能到苏州乐园森林水世界吗 门票是多少钱,地铁能到苏州乐园森林水世界吗 门票是多少钱,
哦哦 那还行 那拯救者刃7000的内存容量是多大,该产品内存容量是16GB,16GB内存容量太大了 有没有8GB内存容量的游戏电脑啊,16GB内存容量太大了 有没有8GB内存容量的游戏电脑啊,拯救者刃7000的8GB内存容量游戏电脑,
好的 刚接到电话下周三临时有事 再帮我看看上海到南京的航班,有东方航空MU2882 浦东国际机场T1 禄口国际机场T2,东方航空MU2882的公务舱票价是多少,东方航空MU2882的公务舱票价是多少,东方航空MU2882的公务舱票价是多少,
你推荐的西贝莜面村评分一定不会低吧,给您推荐的不会差的 评分是4 6,相信你推荐 西贝莜面村有什么推荐菜么,相信你推荐 西贝莜面村有什么推荐菜么,相信你推荐 西贝莜面村有什么推荐菜,
曾宏燕,呃突然想起来我作业还没写,找到他,找到曾宏燕,找到曾宏燕,
你好 我最近打算出去旅游 还没想好地点 我想问问杭州到广州的航班有推荐的么 下周五吧 经济舱的,你好 下周五杭州到广州的航班真的有 推荐您乘坐中国国航CA1729 萧山国际机场T1 白云国际机场T1,行 帮我查查下周五CA1729经济舱的是票价多少,行 帮我查查下周五CA1729经济舱的是票价多少,下周五杭州到广州CA1729经济舱的票价是多少,
为什么讨厌张艺兴,我喜欢张艺兴 很可爱啊,我也喜欢他,我也喜欢张艺兴,我也喜欢张艺兴,
薛之谦,薛之谦的每首歌都很好听,因为他用心,因为薛之谦用心,薛之谦因为用心,
你喜欢吃什么零食,戚风蛋糕好吃软软的绵绵的早餐必备,在哪儿买,在哪儿买戚风蛋糕,戚风蛋糕在哪儿买,
惠普 HP 战99ProG1MT可以 不过我的预算是5000到10000 不知道这个电脑卖多少钱啊,这个电脑的价格是5499 0,嗯嗯 价格很合适 惠普 HP 战99ProG1MT的游戏性能怎么样啊,嗯嗯 价格很合适 惠普 HP 战99ProG1MT的游戏性能怎么样啊,嗯嗯 价格很合适 惠普 HP 战99ProG1MT的游戏性能怎么样啊,
刘看山是谁,一只可爱的小北极狐,我想看看她,我想看看刘看山,我想看看刘看山,
我朋友想去成都再帮我查查下周五广州到成都的航班吧,四川航空3U8556 白云国际机场T2 双流国际机场T1,四川航空3U8556经济舱的票价是多少呢 我好做一下比较,四川航空3U8556经济舱的票价是多少呢 我好做一下比较,四川航空3U8556经济舱的票价是多少呢 我好做一下比较,
小微 你看过人渣的本愿不,小说看过吗,看过,看过人渣的本愿,看过人渣的本愿小说吗,
打堡垒之夜不,PvP的射击游戏咩,嗯嗯打过没嘛,嗯嗯打过堡垒之夜没嘛,嗯嗯打过堡垒之夜嘛,
玩抖音吗,不玩   这是她参加的一个节目的抖音 不是她的,你也下载一个,你也下载一个抖音,你也下载一个这个她参加的节目的抖音,
我打算下周去杭州出差 你帮我查查北京到杭州的航班呗,您的出发日期是什么时候呢,我打算下周四从北京出发去杭州 你推荐个航班,我打算下周四从北京出发去杭州 你推荐个航班,下周四从北京出发去杭州的航班你推荐哪个,
你好 我来苏州玩 想在昆山那边先找个五星级的酒店大床房先住下 求推荐,推荐您去昆山托尼洛 很不错的一家店,好啊 昆山托尼洛房票多少 贵不,好啊 昆山托尼洛房票多少 贵不,昆山托尼洛酒店大床房的房费是多少 贵吗,
我和朋友是来苏州出差的 打算去拙政园看看 你能告诉我拙政园的门票价格吗,该景区的门票价格是90元,好的 那地铁可以直达苏州拙政园吗,好的 那地铁可以直达苏州拙政园吗,好的 那地铁可以直达苏州拙政园吗,
哦 潜行狙击的豆瓣评分是不低了 你知道的主要演员都有谁吗,主要演员有黄宗泽 谢天华 陈法拉 徐子珊,都是TVB的名演员呢 潜行狙击共有多少集呀,都是TVB的名演员呢 潜行狙击共有多少集呀,潜行狙击共有多少集,
你好 我来苏州度假 请你帮忙在姑苏区找个一星级酒店,你好 很高兴为你服务 是要标间还是大床房,我准备在姑苏区订一间一星级酒店的大床房,我准备在姑苏区订一间一星级酒店的大床房,在姑苏区订一间一星级酒店的大床房,
你认识高加春吗,认识,那她是谁,那高加春是谁,高加春是谁,
可以 我要G2277的一等座 从哪里出发 到哪里,是成都东出发的 到达厦门北停车,G2277需要坐多久,G2277需要坐多久,G2277从成都东到厦门北需要坐多久,
深圳光明,深圳今天的天气是多云转小雨14度到21度东北风3级,什么时候会下雨,深圳今天什么时候会下雨,深圳光明什么时候会下雨,
你好 我想了解苏州太湖国家湿地公园的门票价格是多少,门票价格是60元,苏州太湖国家湿地公园的电话号码是多少,苏州太湖国家湿地公园的电话号码是多少,苏州太湖国家湿地公园的电话号码是多少,
好吧 那苏州口腔医院门诊时间是什么时候呢,8 00 12 00 13 30 17 30是门诊时间,苏州口腔医院电话是多少,苏州口腔医院电话是多少,苏州口腔医院电话是多少,
陈铮真的好帅,对吧,LINEBREAK太喜欢他了,LINEBREAK太喜欢陈铮了,太喜欢陈铮了,
你好 我们一家从外地来苏州旅游 住在高新区 想找一家附近有日本料理的餐厅去品尝,推荐您去知味日本料理 这家挺好,我想问一下知味日本料理营业时间是多会儿,我想问一下知味日本料理营业时间是多会儿,我想问一下知味日本料理的营业时间是多会儿,
下周三成都那边的温度咋样,最高温度13摄氏度 最低温度4摄氏度,下周三成都那边的紫外线强度又如何,下周三成都那边的紫外线强度又如何,下周三成都的紫外线强度如何,
何思是谁你知道吗,不知道,我的老婆,何思是我的老婆,我的老婆是谁,
你看过余华的活着吗,只能说很残忍但也很现实唉,能具体说说吗,能具体说说余华的活着吗,能具体说说余华的活着吗,
第一次去成都 不了解那边是什么天气 还请你帮我查一下下周五成都的紫外线强不强,下周五成都紫外线强度是中等,那不好 成都下周五是个什么天气呢,那不好 成都下周五是个什么天气呢,成都下周五的天气怎么样,
我很爱很爱奈布,爱多久,一万年,我爱奈布一万年,我很爱奈布一万年,
你好 我家在南京 我想问一下下周二那边的天气怎么样,下周二的天气为晴转多云,下周二南京的温度呢,下周二南京的温度呢,下周二南京的温度呢,
我看的是周星驰的喜剧之王,周星驰以前真没拍过喜剧,拍过很多,周星驰以前拍过喜剧很多,周星驰拍过很多喜剧,
你觉得许三观卖血记怎么样,写口头做菜那段绝了几乎难以超越了,嗯嗯这是余华于1995年创作的一部长篇小说,嗯嗯许三观卖血记是余华于1995年创作的一部长篇小说,嗯嗯许三观卖血记是余华于1995年创作的一部长篇小说,
妳认识蒋依依嗎,蒋依依都这么大了,妳认识她嗎,妳认识蒋依依嗎,妳认识蒋依依嗎,
暮光之城怎么样,这也叫吸血鬼整个一猴子,你看过吗,你看过暮光之城吗,你看过暮光之城吗,
什么,诶你看过那种特别黑暗的小说么,没有你介绍一下,没有你介绍一下那种特别黑暗的小说,没有你介绍一下特别黑暗的小说,
水千丞有娘娘腔,为什么喜欢水千丞,因为她写文很棒,因为水千丞写文很棒,因为她写文很棒所以喜欢水千丞,
哦 看来坐公交车挺方便的呢 还有 你知道苏州大学附属第一医院都什么时间出门诊吗,他家出门诊的时间为7 45 11 30 13 00 16 30,哦 是这样啊 你最好能把苏州大学附属第一医院的电话发给我,哦 是这样啊 你最好能把苏州大学附属第一医院的电话发给我,哦 是这样啊 你最好能把苏州大学附属第一医院的电话发给我,
张杰的歌,张杰哥唱的歌真好听,我是他的小迷弟,我是张杰的小迷弟,张杰是他的小迷弟,
你好 我是外地来苏州度假的 请帮我在姑苏区找一个4星级的酒店,你好 我给您推荐苏州金陵南林饭店 您看一下,苏州金陵南林饭店的标准间是多少钱,苏州金陵南林饭店的标准间是多少钱,苏州金陵南林饭店的标准间是多少钱,
好 听说网师园这个景点挺好呀 帮我查查地址在哪,地址在苏州市姑苏区带城桥路阔家头巷11号,帮我查查网师园的门票多少钱呢,帮我查查网师园的门票多少钱呢,网师园的门票多少钱,
哇哦原来你和范小微是一个星座的,范小微欠8个多亿我看不起范小微,在我心里章什么都不是早就看出来她是一个骗子 只喜欢赵薇和周迅,在我心里章什么都不是早就看出来范小微是一个骗子 只喜欢赵薇和周迅,在我心里范小微什么都不是早就看出来她是一个骗子 只喜欢赵薇和周迅,
姚利民你认识吗,认识  我同学,猥琐吗,姚利民猥琐吗,姚利民猥琐吗,
美锦酒店的评分是多少,评分非常高 是4 8,那快把美锦酒店的详细地址告诉我吧,那快把美锦酒店的详细地址告诉我吧,美锦酒店的详细地址是什么,
嗯嗯 这个可以有 不过 来自星星的你的豆瓣评分是多少啊,这部电视剧的豆瓣评分是8 3,评分还不错 哈哈 那来自星星的你是什么时期上映的,评分还不错 哈哈 那来自星星的你是什么时期上映的,来自星星的你这部电视剧是什么时期上映的,
怎么判断你智商变高了,我的智商已经不能用多少来形容了,那就是没有喽,那就是没有智商喽,那就是我的智商没有变高了,
你好 我来苏州旅游 可以给我推荐一个适合情侣约会的地方吗 最好在姑苏区,你好 我推荐您去山塘街 这个地方很多情侣都去打卡,山塘街的评分是多少,山塘街的评分是多少,山塘街的评分是多少,
苏州黎里水岸寒舍精品酒店大床房的房费是多少,大床房房费629 就是五星级酒店的价格,苏州黎里水岸寒舍精品酒店的电话顺便告诉我吧,苏州黎里水岸寒舍精品酒店的电话顺便告诉我吧,苏州黎里水岸寒舍精品酒店的电话是多少,
胡歌,唉为胡歌惋惜,怎么惋惜,怎么为胡歌惋惜,胡歌怎么惋惜,
嗯嗯 能再帮我推荐一部中国香港的电影吗,你可以看看花样年华,花样年华是谁主演的啊,花样年华是谁主演的啊,花样年华的主演是谁,
都这么长时间了呢 不说都不觉得二十来年了 你能把情深深雨濛濛的主演的名单帮我找一下吗,好的 主演有赵薇 林心如 古巨基 苏有朋,对 是赵薇 林心如 古巨基 苏有朋 情深深雨濛濛一共多少集来着,对 是赵薇 林心如 古巨基 苏有朋 情深深雨濛濛一共多少集来着,情深深雨濛濛一共多少集,
梦见姚明了,呀你也开始粉啦,他陪我去打篮球,梦见姚明陪我去打篮球,姚明陪我去打篮球,
你好 下周三和小伙伴们约好去成都玩玩 请问那天天气怎么样 气温多少度,下周三的成都是多云转阴的天气 最高温度13摄氏度 最低温度4摄氏度,好的 还有小伙伴说想去广州 再看看下周三广州的天气吧 气温,好的 还有小伙伴说想去广州 再看看下周三广州的天气吧 气温,下周三广州的天气怎么样 气温,
那联想小新潮7000有什么特性吗,这款电脑有PCIE高速固态硬盘 双硬盘位 快充 Type c接口,联想小新潮7000的硬盘容量是多少,联想小新潮7000的硬盘容量是多少,联想小新潮7000的硬盘容量是多少,
你好 下周一和同学要去上海东方明珠看看 帮我看看那天什么天呀,是个大晴天哟,下周一上海气温多少呀,下周一上海气温多少呀,下周一上海东方明珠的气温多少呀,
怎么你喜欢这个零食要不要来聊聊看,鱼皮花生特别脆,脆脆的不错,鱼皮花生脆脆的不错,鱼皮花生脆脆的不错,
D1765到达广州的时间是几点 我提前约个车接我,当天23 45到达,好的 D1765全程多长时间能到,好的 D1765全程多长时间能到,好的 D1765全程到达广州需要多长时间,
你知道维他柠檬茶吗,柠檬你好像很喜欢,超好喝,柠檬茶超好喝,维他柠檬茶超好喝,
王杰,王杰是谁 ,会唱他的歌吗,会唱王杰的歌吗,会唱王杰的歌吗,
不知六朝怪谈的评分怎么样呀,豆瓣评分7 2哦,六朝怪谈主演都有谁呢,六朝怪谈主演都有谁呢,六朝怪谈主演都有谁呢,
天津啊我平时还挺关注的天津的海河还是挺漂亮的特别适合散步,天津还有什么景点呀,貌似有五大道天津之眼鼓楼盘山古文化街水上公园黄崖关长城,天津貌似有五大道天津之眼鼓楼盘山古文化街水上公园黄崖关长城,天津的五大道天津之眼鼓楼盘山古文化街水上公园黄崖关长城有什么特点,
你知道井宿嘛,当然知道,他是谁,井宿是谁,井宿是谁,
张柏芝是谁,张柏芝和谢霆锋曾经是夫妻,现在呢他们是什么关系啊,现在呢张柏芝和谢霆锋是什么关系啊,张柏芝和谢霆锋现在是什么关系啊,
咨询一下你下一期的双色球,02 04 15 17 23 25  01 试试去吧看看运气真中了要记得伦家啊,再来一注,再来一注双色球,下一期双色球再来一注,
是呀 王喆已经有工作了,哦哦什么工作啊,当明星了,王喆当明星了,王喆当明星了,
你觉得十宗罪怎么样,有点血腥作者的文字还不够好不过故事下面透露出来的人性值得令人深思,里面你最喜欢哪个故事,十宗罪里面你最喜欢哪个故事,十宗罪里面你最喜欢哪个故事,
你好 我想了解下下周二厦门的天气和温度 我要去见个朋友 看看穿什么衣服 哈,下周二厦门晴天呢 最高温度14摄氏度 最低温度7摄氏度,好 下周二厦门风大吗,好 下周二厦门风大吗,好 下周二厦门风大吗,
我希望是三星酒店 要大床房,周庄多瓦台临河客栈 性价比超高,周庄多瓦台临河客栈的大床房多少钱,周庄多瓦台临河客栈的大床房多少钱,周庄多瓦台临河客栈的大床房多少钱,
最近中国经济形势怎样,人类啊我上知天文下知地理就中国经济形势不太懂呢,你怎么看,你怎么看中国经济形势,你怎么看中国经济形势,
您好 我计划买一台联想的笔记本电脑,那您对电脑分类有什么要求,我倾向于联想的笔记本电脑的轻薄本,我倾向于联想的笔记本电脑的轻薄本,我倾向于购买联想的轻薄本笔记本电脑,
联想天逸510Pro的系统是什么,它的系统是Windows10,联想天逸510Pro的显卡类别是什么,联想天逸510Pro的显卡类别是什么,联想天逸510Pro的显卡类别是什么,
抱歉要看房电话联系哈,电话号码多少呀,中介,中介的电话号码是多少呀,中介的电话号码是多少,
今天看了大黄蜂感觉大黄蜂好可爱啊,为啥感觉好可爱了,因为他的表情和肢体动作萌萌的,因为大黄蜂的表情和肢体动作萌萌的,因为大黄蜂的表情和肢体动作萌萌的,
是呀 还是深圳暖和一些 那再帮我看看下周日从成都到深圳的航班吧 我要坐经济舱,你可以坐中国国航CA4325 双流国际机场T2 宝安国际机场T3,好 中国国航CA4325经济舱票价多少,好 中国国航CA4325经济舱票价多少,中国国航CA4325经济舱票价多少,
我刚看过一个大盘点的内容讲的就是火影,鸣人最后怎么了,他沒死吖,鸣人沒死吖,鸣人最后没死吖,
壹加回转寿司的人均消费是多钱,他家人均消费是58元,壹加回转寿司地址在哪了,壹加回转寿司地址在哪了,壹加回转寿司地址在哪了,
你知道联想小新Air这款电脑安装的是什么系统呀,系统是Windows10的,我感觉联想小新Air版本还行 那本本都有什么色系的呀,我感觉联想小新Air版本还行 那本本都有什么色系的呀,联想小新Air电脑都有什么色系的,
嗯嗯好的 下周五深圳的天气呢 我正在想这两个地方去哪呢,深圳也是多云,下周五深度的温度也跟我说一下啊,下周五深度的温度也跟我说一下啊,下周五深圳的深度温度也跟我说一下啊,
我问问这家苏州慢享主题酒店的评分是多少呢,评分是4 7,苏州慢享主题酒店具体地址在哪里呢,苏州慢享主题酒店具体地址在哪里呢,苏州慢享主题酒店具体地址在哪里呢,
哦 我听说过朱延平 他是很有才气的 那火烧岛是哪年上映的来着,它是于1991年8月1日在中国台湾上映的,啊 火烧岛里的演员都很有名气的 片长好像也挺长的吧,啊 火烧岛里的演员都很有名气的 片长好像也挺长的吧,啊火烧岛里的演员都很有名气的 片长好像也挺长的吧,
太极宗师 的导演是谁,这部电视剧的导演是袁和平,太极宗师 豆瓣评分是多少,太极宗师 豆瓣评分是多少,太极宗师 豆瓣评分是多少,
明朝那些事儿的作者是,当年明月对吧,里面参考了哪些书呢,明朝那些事儿里面参考了哪些书呢,当年明月的《明朝那些事儿》里面参考了哪些书呢,
听着挺不错的 白马涧生态园门票价格是多少钱,门票价格是50元,行 麻烦你再给我推荐一家高新区附近的东北菜餐厅 可以吗,行 麻烦你再给我推荐一家高新区附近的东北菜餐厅 可以吗,行 麻烦你再给我推荐一家高新区附近的东北菜餐厅可以吗,
苏州慢享主题酒店是中等价位吗,对 它家属于中等价位,那苏州慢享主题酒店有标准间吗,那苏州慢享主题酒店有标准间吗,苏州慢享主题酒店有标准间吗,
我老公帅吗,帅的一塌糊涂,真的吗,我老公真的帅的一塌糊涂吗,我老公帅吗,
那苏州大学附属第一医院里有DSA吗,有的 医院里有DSA,苏州大学附属第一医院的挂号时间可以告诉我吗,苏州大学附属第一医院的挂号时间可以告诉我吗,苏州大学附属第一医院的挂号时间可以告诉我吗,
教师节送老师什么呢,我要亲手给老师做一张贺卡,我做不好,贺卡我做不好,教师节我要亲手给老师做一张贺卡，但我做不好,
我比较喜欢爱情片,推荐您看一吻定情,一吻定情的主演都有些谁,一吻定情的主演都有些谁,一吻定情的主演都有哪些人,
那布丁酒店房费是多少,这个酒店大床房的房费是99元 标准间的房费是161元,再帮我推荐一下吴中区的水乡古镇吧,再帮我推荐一下吴中区的水乡古镇吧,吴中区的水乡古镇有哪些推荐,
苏州慢享主题酒店评分怎么样,酒店评分为4 7分,苏州慢享主题酒店地址在什么地方,苏州慢享主题酒店地址在什么地方,苏州慢享主题酒店地址在什么地方,
戴尔 DELL OptiPlex7070MT的裸机重量是多少呢,8 0kg,戴尔 DELL OptiPlex7070MT是什么系统的,戴尔 DELL OptiPlex7070MT是什么系统的,戴尔 DELL OptiPlex7070MT是什么系统,
你好 我来苏州旅游 请你帮我查找一个工业园区适合朋友出游的景点,为您推荐西交利物浦大学,西交利物浦大学的开放时间是什么时候啊,西交利物浦大学的开放时间是什么时候啊,西交利物浦大学的开放时间是什么时候啊,
你好 我刚来苏州想玩几天 帮我在工业园区找一家西北菜餐厅呗,您可以去正宗西北菜馆西贝莜面村哟,太好了 西贝莜面村在哪,太好了 西贝莜面村在哪,西贝莜面村在苏州工业园区的具体地址在哪里,
我们与恶的距离是什么类型啊,这部电视剧是一个剧情片,有没有好看的台湾悬疑片可以推荐啊,有没有好看的台湾悬疑片可以推荐啊,有没有好看的台湾悬疑片可以推荐啊,
你好 我考虑买一辆高尔夫 如果有多个配置我选择高配 你能给我推荐一款吗,这边为您推荐高尔夫1 8TSI旅行版吧,高尔夫1 8TSI旅行版价格是多少呢,高尔夫1 8TSI旅行版价格是多少呢,高尔夫1 8TSI旅行版价格是多少呢,
帮我查查潜行狙击的主演都有谁啊,潜行狙击的主演有黄宗泽 谢天华 陈法拉和徐子珊,帮我查查潜行狙击的导演是哪位呢,帮我查查潜行狙击的导演是哪位呢,潜行狙击的导演是哪位呢,
病毒是细胞吗,研究细胞的,那他是生命系统吗,那病毒是生命系统吗,病毒是生命系统吗,
那是哪个电影呀,给你推荐的是诡丝这个电影,诡丝的导演是谁,诡丝的导演是谁,诡丝的导演是谁,
给我巧克力就喜欢你,巧克力给你,给小孩吃的,巧克力给小孩吃的,给小孩吃的巧克力,
下周六上海的风力风向如何呢,当天有1级南风,再帮我查一下下周六上午从上海出发去深圳的动车,再帮我查一下下周六上午从上海出发去深圳的动车,下周六上午从上海出发去深圳的动车,
您好 我想看看喜剧电影 能帮我推荐一部吗,那你可以看看狗蛋大兵,狗蛋大兵是哪个地区的啊,狗蛋大兵是哪个地区的啊,狗蛋大兵是哪个地区的啊,
你好 我来苏州出差 我想抽空找一个价格偏贵的山水景区走走 求推荐,推荐您去金鸡湖景区,好啊 金鸡湖景区的评分是多少呢,好啊 金鸡湖景区的评分是多少呢,好啊 金鸡湖景区的评分是多少呢,
你刚刚加了一个叫 野猪佩琪的人吧,好不好啊,她我朋友我推荐她加你的,野猪佩琪我朋友我推荐野猪佩琪加你的,野猪佩琪是我朋友我推荐她加你,
今年世界杯八强是谁,八强已经出来了美洲只剩下巴西和乌拉圭了哎,还有谁,世界杯八强还有谁,今年世界杯八强还有谁,
有没有2010年代中国大陆当时的热播剧介绍一个,当然有呀 你有喜欢的类型吗,我想找一部科幻片 有合适的科幻片吗 片名是什么,我想找一部科幻片 有合适的科幻片吗 片名是什么,2010年代中国大陆的热播科幻片有合适的吗 片名是什么,
独墅湖教堂有什么特点啊,独墅湖教堂因坐落于苏州工业园区风景秀美的独墅湖旁而得名 教堂主体采用哥特式建筑风格,还要在工业园区附近找一家餐厅 我喜欢吃甜点 找一家偏贵点的餐厅,还要在工业园区附近找一家餐厅 我喜欢吃甜点 找一家偏贵点的餐厅,在工业园区附近找一家偏贵点的餐厅，我喜欢吃甜点,
好的 我会带些厚衣服的 下周三如何时间能来得及的话我想去武汉 再帮我看看武汉的天气吧,给您查询到 武汉下周三的天气是多云转晴 也不错哦 适合游玩,武汉下周三的温度怎么样,武汉下周三的温度怎么样,武汉下周三的温度怎么样,
你好 我想知道下周二苏州的天气情况和温度呢,当天苏州是晴转多云的天气 最高温度9摄氏度 最低温度1摄氏度,下周二苏州风大吗,下周二苏州风大吗,下周二苏州风大吗,
你知道包法利夫人吗,最后作者确实毫不留情的给了包法利夫人一个痛苦的死亡,夫人怎么死的,包法利夫人怎么死的,包法利夫人怎么死的,
印度先生 的导演是谁 片长能有多久,是由谢卡尔 卡普尔执导的 片长有179分钟,时间是蛮长的 不知道会不会睡着  印度先生 豆瓣上的评分有多少分,时间是蛮长的 不知道会不会睡着  印度先生 豆瓣上的评分有多少分,印度先生的豆瓣评分有多少分,
我想查询最近的天气情况 能帮我查查下周四北京的风力风向和温度吗,东南风1级 最高温度4摄氏度 最低温度 4摄氏度,那能帮我查查下周四北京的天气怎么样吗,那能帮我查查下周四北京的天气怎么样吗,下周四北京的风力风向和温度,
有啥好看的小说吗,东野圭吾解忧杂货店,看过了,解忧杂货店看过了,看过了《解忧杂货店》,
你知道穆斯林的葬礼吗,人类啊我上知天文下知地理就这块不太懂呢,它的作者是谁,穆斯林的葬礼的作者是谁,穆斯林的葬礼的作者是谁,
羽生结弦你知道是谁吗,不知道,你能帮我搜索吗,你能帮我搜索羽生结弦吗,你能帮我搜索羽生结弦吗,
无限复活是什么时候上映的,这部影片是2002年1月11日在中国香港上映的,无限复活的豆瓣评分怎么样,无限复活的豆瓣评分怎么样,无限复活的豆瓣评分怎么样,
木渎古镇的特点听起来不错 我坐地铁可以直接到那吗,这个真不行,好吧 你可以帮我找找吴中区的1星级酒店吗,好吧 你可以帮我找找吴中区的1星级酒店吗,吴中区的1星级酒店,
仙女,仙女是谁,我,仙女是我,我,
你好 我来苏州办事 顺便想逛逛景点 有没有消费便宜的水乡古镇推荐一下,推荐您去木渎古镇,木渎古镇评分高不,木渎古镇评分高不,木渎古镇评分高吗,
一会去义乌,义乌是哪里,在浙江省金华市啊,义乌在浙江省金华市啊,义乌在浙江省金华市,
我最近看幽灵,没看过,看过很多遍,幽灵看过很多遍了,我最近看幽灵看过很多遍,
杨幂越来越火了,你认识杨幕吗,有没有她照片,有没有杨幂照片,杨幂有没有照片,
大龙虾,大龙虾是一百元吗,是10000元哦,大龙虾是10000元哦,大龙虾是10000元哦,
请问惠普 HP 光影精灵5有哪些特点呢,这款电脑比较突出的特性是它的背光键盘,惠普 HP 光影精灵5的待机时长是多长时间,惠普 HP 光影精灵5的待机时长是多长时间,惠普 HP 光影精灵5的待机时长是多长时间,
父母不理解我,去体谅父母理解父母,但是他们只知道诉苦,但是父母只知道诉苦,但是父母只知道诉苦,
我喜欢上了一个女孩,喜欢就表白免得以后想起来是个遗憾,她不喜欢我,那个女孩不喜欢我,我喜欢的那个女孩不喜欢我,
你认识我的一个好友叫赵俊臣吗,认识的快联系,他长的丑么,赵俊臣长的丑么,赵俊臣长的丑吗,
好的 再看看下周六杭州的天气吧,是个晴天哟,下周六杭州气温多少呀,下周六杭州气温多少呀,下周六杭州的气温是多少,
邱诺洁你认识吗,不认识,那你能收集她的资料吗,那你能收集邱诺洁的资料吗,那你能收集邱诺洁的资料吗,
你好 我想在工业园区找个消费中等价位的餐厅 推荐一个好吗,推荐你西贝莜面村,那西贝莜面村地铁直达吗,那西贝莜面村地铁直达吗,那西贝莜面村地铁直达吗,
你好 我家是厦门的 麻烦给我查一下下周五的天气和温度 行吗,好的 已为您查询 那天天气晴 最高温度21摄氏度 最低温度13摄氏度,那下周五厦门的风力风向如何呢,那下周五厦门的风力风向如何呢,下周五厦门的风力风向如何,
绝命毒师2,我喜欢绝命毒师,里面哪个人物你最喜欢,绝命毒师2里面哪个人物你最喜欢,绝命毒师2里面哪个人物你最喜欢,
风有点大 那下周五杭州是个什么天气呢 风大应该不会有雨,您猜错了 天气是阴转小雨,哈哈 当我没说 下周五杭州的气温再帮我看一下吧,哈哈 当我没说 下周五杭州的气温再帮我看一下吧,下周五杭州的气温,
你好 明天我要去苏州的高新区出差 那边中等价位的酒店帮我推荐一个吧 要大床房,给您推荐美锦酒店,美锦酒店大床房的房费是多钱啊,美锦酒店大床房的房费是多钱啊,美锦酒店大床房的房费是多钱啊,
你好 我想了解下周三厦门的天气情况,是晴天哟,那下周三厦门温度多少,那下周三厦门温度多少,下周三厦门的温度是多少,
来我房间,房间在哪里,你隔壁啊,我房间在你隔壁啊,你隔壁的房间在哪里,
话说刚无聊查了下射手榜第一是凯恩欸6球,哪个凯恩,希望他能保持好这个状态那个你比较看好谁呀,希望凯恩能保持好这个状态那个你比较看好谁呀,希望凯恩能保持好这个状态，那个你比较看好谁呀,
胡歌怎么样,仙剑一喜欢胡歌到现在,那他就是你男朋友了,那胡歌就是你男朋友了,胡歌就是你男朋友了,
护士是如何找男朋友的我说男护士,你是护士,不是哎,我不是护士哎,男护士是如何找男朋友的,
下周一广州的温度呢,最高温度18摄氏度 最低温度5摄氏度,下周一广州的风力风向又如何,下周一广州的风力风向又如何,下周一广州的风力风向如何,
我想在姑苏区内找一个治疗心血管内科比较好的医院 不知道哪个医院好 请你给个推荐吧,我推荐您去苏州大学附属第一医院,苏州大学附属第一医院地址在什么地方呢,苏州大学附属第一医院地址在什么地方呢,苏州大学附属第一医院地址在什么地方呢,
你帮我查一下下周二上午出发 广州到上海的火车吧,那您选择什么车型呢,下周二上午出发广州到上海一等座就可以了,下周二上午出发广州到上海一等座就可以了,下周二上午出发广州到上海的一等座火车,
你对鲁迅有有什么看法,你喜欢鲁迅,因为他能将很深刻的问题看的很清楚,因为鲁迅能将很深刻的问题看的很清楚,因为他能将很深刻的问题看得很清楚,
我跟你说畅离骚的是烊千玺懂吗懂吗易烊千玺易烊千玺易烊千玺易烊千玺易烊千玺易烊千玺,期待易烊千玺的最新单曲声音很独特很有磁性加油,最新单曲是啥,易烊千玺的最新单曲是啥,易烊千玺的最新单曲是啥,
电脑内存是8GB的就可以,那我推荐你购买联想小新Air,联想小新Air的显卡型号是什么,联想小新Air的显卡型号是什么,联想小新Air的显卡型号是什么,
您好 能给我推荐一部80年代的喜剧片吗,您喜欢看什么样的 港片 大陆片还是美国片,我比较喜欢80年代的香港电影,我比较喜欢80年代的香港电影,80年代的香港电影有什么推荐的喜剧片吗,
我出去旅游了呢,时间定了吗出去玩多带几套衣服拍照啊,我已经出去了,我已经出去旅游了,我已经出去旅游了,
你好 我是苏州人但是平日也不怎么出去玩 现在有个朋友来苏州找我玩 我想带他去游乐场 给我推荐一个消费水平偏高的地方吧,给你推荐一下苏州乐园森林水世界吧,苏州乐园森林水世界的特点是什么 门票价格是多少啊,苏州乐园森林水世界的特点是什么 门票价格是多少啊,苏州乐园森林水世界的特点是什么 门票价格是多少啊,
也有网恋奔现的啊,网恋不好的,为什么不好,为什么网恋不好,网恋为什么不好的,
你好 带家里人来吴中区玩 这附近有没有餐厅可以吃饭,您想吃什么菜系呢,我想吃一些面包甜点,我想吃一些面包甜点,吴中区附近有没有可以吃面包甜点的餐厅,
你好 我下周五打算去杭州旅游 请帮我查一下下周五那天的天气怎么样,下周五那天杭州的天气是阴转小雨,下周五那天杭州的温度如何,下周五那天杭州的温度如何,下周五那天杭州的温度如何,
男朋友总是不回你信息怎么办,自己出去玩不用把生活的重心放在不珍惜你的人身上,他为什么要这样,男朋友为什么要这样,男朋友为什么不回你信息,
你好 我打算在苏州待几天 明天想去穹窿山景区 你能帮我查一下营业时间吗 我想规划一下明天的路线,好的 我查到的时间是上午八点到下午四点半 建议您上午去,好的 我还不知道穹窿山景区在哪儿呢,好的 我还不知道穹窿山景区在哪儿呢,好的 我还不知道穹窿山景区的地址在哪里,
好的 天平山景区的电话告诉我 找不到打电话,0512 66387422,我还想在天平山景区附近找一家便宜点的酒店休息 住个标准间就行 有什么地方呀,我还想在天平山景区附近找一家便宜点的酒店休息 住个标准间就行 有什么地方呀,天平山景区附近便宜的酒店 住标准间,
好 再帮我推荐一部由玛德琳 卡罗尔演的电影吧,给您推荐怦然心动 很不错的,怦然心动的豆瓣评分怎么样,怦然心动的豆瓣评分怎么样,怦然心动的豆瓣评分怎么样,
苏州大学附属第一医院的电话是多少啊,他家的电话是65223637,嗯 都有哪些公交线路可以到苏州大学附属第一医院呢,嗯 都有哪些公交线路可以到苏州大学附属第一医院呢,嗯苏州大学附属第一医院有哪些公交线路可以到达,
你好 我孩子上五年级 成绩在班里前列 就是英语有点弱 我想给他报个英语的志高班 地点最好在吴中区 帮我找一个吧,您好 根据您的要求 给您推荐PE5J05065,好的 但是我比较关心PE5J05065辅导班在哪里上课,好的 但是我比较关心PE5J05065辅导班在哪里上课,好的 但是我比较关心PE5J05065辅导班在吴中区的上课地点在哪里,
怎么了,忘记吃药了,赶紧吃,赶紧吃药,忘记吃药了赶紧吃,
在不 您好 最近想换电脑 预算不超过5000元 我想了解一下宏碁 商祺这个系列的 能帮忙推荐一款吗,您好 这个系列的您可以选择宏碁 Acer 商祺SQX4270660N这款电脑,请问宏碁 Acer 商祺SQX4270660N的显卡是什么型号的,请问宏碁 Acer 商祺SQX4270660N的显卡是什么型号的,请问宏碁 Acer 商祺SQX4270660N的显卡是什么型号的,
我梦见明星王嘉尔打自己小孩,哇塞我前两天做梦也梦到了,就他在公园打自己小孩 我看见了就把小孩抱开了,就王嘉尔在公园打自己小孩 我看见了就把小孩抱开了,王嘉尔在公园打自己小孩，我看见了就把小孩抱开了,
我想要面包甜点餐厅 最好是便宜一点的,那您就去乐乐茶吧 这个餐馆很不错,乐乐茶营业时间是多会儿呀,乐乐茶营业时间是多会儿呀,乐乐茶营业时间是多会儿呀,
好的 苏州太湖国家湿地公园评分了 怎么样,评分是4 5分,评分也还不错 苏州太湖国家湿地公园附近有没有价位中等的餐厅给我推荐一家,评分也还不错 苏州太湖国家湿地公园附近有没有价位中等的餐厅给我推荐一家,苏州太湖国家湿地公园评分也还不错，附近有没有价位中等的餐厅给我推荐一家,
室友烦死了,出什么事了吗快告诉我,她老咳嗽 传染了给我,室友老咳嗽 传染了给我,室友老咳嗽 传染了给我,
时间挺早的 G355 北京南 厦门北的一等座的车票多少钱,一等座的票价是1347 5元,G355 北京南 厦门北到厦门北站的时间呢,G355 北京南 厦门北到厦门北站的时间呢,G355 北京南 厦门北一等座到厦门北站的时间呢,
你好 来苏州旅游 想在姑苏区找个适合情侣约会的景点 能推荐一个吗,你好 那就去平江路吧 有很多文艺小店,平江路什么时间开放呢,平江路什么时间开放呢,平江路什么时间开放呢,
杨洋啊,好喜欢杨洋啊,我不认识他,我不认识杨洋,我不认识杨洋,
再帮我查一下下周一那天南京的温度是多少呢,下周一那天南京最高温度9摄氏度 最低温度 2摄氏度,下周一南京的天气情况是怎样的呢,下周一南京的天气情况是怎样的呢,下周一南京的天气情况是怎样的呢,
你好 我来苏州度假 帮我找一个高新区的1星级酒店,如家酒店很符合您,如家酒店的大床房的房费是多少,如家酒店的大床房的房费是多少,如家酒店的大床房的房费是多少,
你觉得易烊千玺怎么样,等你单曲,是他这个人,是易烊千玺这个人,易烊千玺这个人,
您好 我想买一台8GB内存 i5的CPU 预算5000到10000元的笔记本电脑 推荐一款,推荐您买联想小新Air,联想小新Air的裸机重量是多少,联想小新Air的裸机重量是多少,联想小新Air的裸机重量是多少,
杨超越知道么,她的粉丝真的好多诶,你觉得唱歌好听么,你觉得杨超越唱歌好听么,杨超越你觉得唱歌好听么,
你说的是歌曲春泥的歌词,不是歌词越来越水是好的歌词本就难写出来,你会写词吗,你会写春泥的词吗,你会写歌曲春泥的歌词吗,
好的 下周三下午广州去杭州的车有吗,为您推荐一列车 D933次,下周三下午广州去杭州的高铁有吗,下周三下午广州去杭州的高铁有吗,下周三下午广州去杭州的高铁有吗,
那还有什么呢,今天不是有新电影么 一触即发,导演和主演是谁,一触即发的导演和主演是谁,一触即发的导演和主演是谁,
我跟前男友复合了,好可惜你又被撩走了,怎么跟他相处呢,怎么跟前男友相处呢,怎么跟前男友相处呢,
我幼儿园的,那你上小学了,没呢,没上小学呢,我还没上小学,
你认识杨洋吗,呃算认识吧,真的,你真的认识杨洋,真的杨洋你认识吗,
会计,哪里的会计工作,在洛阳做,在洛阳做会计工作,在洛阳做会计工作,
苏州慢享主题酒店有停车场吗,酒店有收费停车场,好吧 我再详细咨询一下酒店吧 你有苏州慢享主题酒店电话吗,好吧 我再详细咨询一下酒店吧 你有苏州慢享主题酒店电话吗,苏州慢享主题酒店有电话吗,
那生活大爆炸第十二季的主演都有些谁,主演有吉姆 帕森斯 约翰尼 盖尔克奇 凯莉 库柯,生活大爆炸第十二季的豆瓣评分是多少,生活大爆炸第十二季的豆瓣评分是多少,生活大爆炸第十二季的豆瓣评分是多少,
你觉得王杰希帅吗,王杰希就是荣耀的王不留行哦游戏里见到王杰希可要小心啦,他帅吗,王杰希帅吗,王杰希帅吗,
乐乐茶的评分怎样,4 5,乐乐茶的电话多少,乐乐茶的电话多少,乐乐茶的电话多少,
我想去海边玩,海边有什么好,有椰子树阳光还有沙滩,海边有椰子树阳光还有沙滩,海边有椰子树阳光还有沙滩,
郭添开呀,郭添开是谁阿,曾经他是我最喜欢的人呀,曾经郭添开是我最喜欢的人呀,郭添开曾经是郭添开最喜欢的人呀,
辅导班上课最好是每周六的下午 我不上班 可以接孩子,我推荐您新区的PM5J44004A哦,PM5J44004A的老师是谁呢 在哪个校区呢,PM5J44004A的老师是谁呢 在哪个校区呢,PM5J44004A的老师是谁呢 在哪个校区呢,
我去打麻将了,麻将打得好么,贼溜,我麻将打得贼溜,麻将打得贼溜,
多喝热水,没热水啊,烧啊,没热水烧啊,烧热水,
你好 这几天在苏州度假 明天想去天平山景区 这个地方有什么特点吗,这里是范仲淹先祖归葬地 可以走乱石路体验爬山乐趣 11月中下旬能赏红枫,那地铁能到天平山景区吗,那地铁能到天平山景区吗,那地铁能到苏州天平山景区吗,
到哪儿去玩去了,北京,好玩吗,北京好玩吗,北京好玩吗,
网球如何进学校,你是篮球俱乐部的吗,不是啊,不是篮球俱乐部啊,网球如何进学校,
你好 我想买辆SUV 比较信赖上汽大众 麻烦您帮我推荐一款 平时6个人坐的 谢谢了,好的 为您推荐途观L380TSI自动四驱R Line旗舰版,途观L380TSI自动四驱R Line旗舰版的价格是多少,途观L380TSI自动四驱R Line旗舰版的价格是多少,途观L380TSI自动四驱R Line旗舰版的价格是多少,
你好 我想买辆汽油驱动的SUV 20到30万的 你帮我推荐一款吧,好的 为您推荐途岳330TSI四驱豪华版,途岳330TSI四驱豪华版这款车有座椅加热功能不,途岳330TSI四驱豪华版这款车有座椅加热功能不,途岳330TSI四驱豪华版有座椅加热功能吗,
这个价格也可以接受 哈哈 你知道唐宫海鲜舫的评分好不好吗,餐厅评分是4 6 整体来说还不错,对 我们可以去尝尝 对了 姑苏区附近有4星级酒店吗,对 我们可以去尝尝 对了 姑苏区附近有4星级酒店吗,姑苏区附近有4星级酒店吗,
你知道雨果吗,电影还是作家,他的作品你怎么看,雨果的作品你怎么看,雨果的作品你怎么看,
陈瑶,陈瑶是谁,是岳绮罗,陈瑶是岳绮罗,陈瑶是岳绮罗,
华谊兄弟电影世界坐地铁可以直达吗,正如您所期望的 地铁可以直达,可以地铁直达也太好了吧 再麻烦你告诉我一下华谊兄弟电影世界的电话号码是多少吧,可以地铁直达也太好了吧 再麻烦你告诉我一下华谊兄弟电影世界的电话号码是多少吧,华谊兄弟电影世界可以地铁直达也太好了吧 再麻烦你告诉我一下华谊兄弟电影世界的电话号码是多少吧,
淘气包马小跳可以吗,一两部也行不用推荐太多,本来就是一本书,淘气包马小跳本来就是一本书,淘气包马小跳本来就是一本书,
爱人,什么是爱人,就是结为夫妻,爱人就是结为夫妻,爱人就是结为夫妻,
桑塔纳1 5L自动舒适版有座椅通风功能吗,不好意思 没有这个功能,桑塔纳1 5L自动舒适版有座椅加热吗,桑塔纳1 5L自动舒适版有座椅加热吗,桑塔纳1.5L自动舒适版有座椅加热功能吗,
汤圆呢,黑芝麻滴最好吃,不好吃,黑芝麻的汤圆不好吃,汤圆不好吃,
你认识bill吗,比尔盖茨,给我谈谈他吧,给我谈谈比尔盖茨吧,给我谈谈比尔盖茨吧,
好的 我知道了 你还得帮我查查常熟有意思连锁酒店有没有停车场,这个酒店提供免费的停车场服务,真是太好了 我可以开车过去了 这个问题我已经纠结很久了,真是太好了 我可以开车过去了 这个问题我已经纠结很久了,真是太好了 我可以开车过去了 常熟有意思连锁酒店的停车场问题我已经纠结很久了,
我比宋慧乔谁美,化妆也是锦上添花诸位认为这女人化妆能美过宋慧乔吗,我不化妆也比她美,我不化妆也比宋慧乔美,我不化妆也比宋慧乔美,
D638从成都出发的时间是几点呢,当天07 05就可以出发了,D638几点能到达南京呢,D638几点能到达南京呢,D638从成都出发几点能到达南京,
,,,,,0.462
